Estimator,Accuracy1,Accuracy2
beatport_key/1.0,0.9651162790697675,0.9780361757105943
