{"beatport_key\/1.0":{"66.0":1.0144587039,"67.3030303030303":1.013996269,"68.60606060606061":1.0134507745,"69.9090909090909":1.0127721965,"71.21212121212122":1.0119105111,"72.51515151515152":1.0108156945,"73.81818181818181":1.0094376937,"75.12121212121212":1.0077179792,"76.42424242424242":1.0055778126,"77.72727272727272":1.0029355082,"79.03030303030303":0.9997093802,"80.33333333333333":0.9958177429,"81.63636363636364":0.9911796169,"82.93939393939394":0.9857509861,"84.24242424242425":0.9795422112,"85.54545454545455":0.9725680057,"86.84848484848484":0.964843083,"88.15151515151516":0.9563821565,"89.45454545454545":0.9472058375,"90.75757575757575":0.9374533415,"92.06060606060606":0.9273737265,"93.36363636363636":0.9172201927,"94.66666666666666":0.9072459402,"95.96969696969697":0.8977041694,"97.27272727272728":0.8888453448,"98.57575757575758":0.8808922644,"99.87878787878788":0.8740516612,"101.18181818181819":0.8685300705,"102.48484848484848":0.8645340275,"103.78787878787878":0.8622700674,"105.0909090909091":0.8619095936,"106.39393939393939":0.8634234407,"107.69696969696969":0.8667113778,"109.0":0.8716730912,"110.30303030303031":0.8782082668,"111.6060606060606":0.886216583,"112.9090909090909":0.8955535325,"114.21212121212122":0.9059263641,"115.51515151515152":0.9170112721,"116.81818181818181":0.9284844511,"118.12121212121212":0.9400220952,"119.42424242424242":0.9513005657,"120.72727272727272":0.9620196679,"122.03030303030303":0.9719266221,"123.33333333333333":0.9807743685,"124.63636363636363":0.9883158474,"125.93939393939394":0.9943039989,"127.24242424242425":0.9984989234,"128.54545454545456":1.0009206639,"129.84848484848484":1.0019166543,"131.15151515151516":1.0018552043,"132.45454545454544":1.0011046234,"133.75757575757575":1.0000332212,"135.06060606060606":0.9989935585,"136.36363636363637":0.9980912043,"137.66666666666666":0.9972356218,"138.96969696969697":0.9963308719,"140.27272727272725":0.9952810158,"141.57575757575756":0.9939901144,"142.87878787878788":0.9923543987,"144.1818181818182":0.9902051909,"145.4848484848485":0.987341719,"146.78787878787878":0.9835629831,"148.0909090909091":0.978667983,"149.39393939393938":0.9724557187,"150.6969696969697":0.9648155701,"152.0":0.956068362,"153.3030303030303":0.9466635163,"154.60606060606062":0.9370504772,"155.9090909090909":0.9276786887,"157.2121212121212":0.9189975368,"158.5151515151515":0.9114068466,"159.8181818181818":0.9051665661,"161.12121212121212":0.9005121424,"162.42424242424244":0.8976790225,"163.72727272727272":0.8969026534,"165.03030303030303":0.8984156154,"166.33333333333331":0.9022177511,"167.63636363636363":0.9079080798,"168.93939393939394":0.9150459901,"170.24242424242425":0.9231908706,"171.54545454545456":0.9319021101,"172.84848484848484":0.9407452121,"174.15151515151513":0.949447832,"175.45454545454544":0.957912711,"176.75757575757575":0.9660512972,"178.06060606060606":0.9737750385,"179.36363636363637":0.9809953828,"180.66666666666666":0.9876304438,"181.96969696969697":0.9936816075,"183.27272727272725":0.999206865,"184.57575757575756":1.0042652891,"185.87878787878788":1.0089159528,"187.1818181818182":1.0132179289,"188.4848484848485":1.0172285749,"189.78787878787878":1.0209934874,"191.0909090909091":1.0245533293,"192.39393939393938":1.0279487471,"193.6969696969697":1.0312203869,"195.0":1.034408895},"beatport_key\/1.0_lowerci":{"66.0":0.8867200168,"67.3030303030303":0.896964134,"68.60606060606061":0.9065941338,"69.9090909090909":0.9154483586,"71.21212121212122":0.9233870462,"72.51515151515152":0.9303011748,"73.81818181818181":0.936120405,"75.12121212121212":0.9407957226,"76.42424242424242":0.9442633423,"77.72727272727272":0.9464861193,"79.03030303030303":0.9474671412,"80.33333333333333":0.9472468247,"81.63636363636364":0.9458851717,"82.93939393939394":0.9434157221,"84.24242424242425":0.939815577,"85.54545454545455":0.9350448328,"86.84848484848484":0.9290821998,"88.15151515151516":0.9219465418,"89.45454545454545":0.9136965726,"90.75757575757575":0.9044633351,"92.06060606060606":0.894453351,"93.36363636363636":0.8839414359,"94.66666666666666":0.8732901879,"95.96969696969697":0.8629305978,"97.27272727272728":0.8533015683,"98.57575757575758":0.8446858885,"99.87878787878788":0.8372771603,"101.18181818181819":0.8312935632,"102.48484848484848":0.8269957705,"103.78787878787878":0.8246812399,"105.0909090909091":0.8246020319,"106.39393939393939":0.8266714527,"107.69696969696969":0.8306972494,"109.0":0.8365322743,"110.30303030303031":0.8440917552,"111.6060606060606":0.8533479275,"112.9090909090909":0.8642119435,"114.21212121212122":0.8762928743,"115.51515151515152":0.889150654,"116.81818181818181":0.9024054083,"118.12121212121212":0.9157651699,"119.42424242424242":0.9290150838,"120.72727272727272":0.9418889073,"122.03030303030303":0.9539122415,"123.33333333333333":0.9645402106,"124.63636363636363":0.973293996,"125.93939393939394":0.9798910802,"127.24242424242425":0.9842615643,"128.54545454545456":0.9865345431,"129.84848484848484":0.9869997939,"131.15151515151516":0.9860547375,"132.45454545454544":0.9842533547,"133.75757575757575":0.9822396736,"135.06060606060606":0.9806043806,"136.36363636363637":0.9793934498,"137.66666666666666":0.9782548167,"138.96969696969697":0.9768881471,"140.27272727272725":0.9751193301,"141.57575757575756":0.9728850508,"142.87878787878788":0.9701182914,"144.1818181818182":0.9665189679,"145.4848484848485":0.9617530986,"146.78787878787878":0.955631092,"148.0909090909091":0.9480953452,"149.39393939393938":0.9391521536,"150.6969696969697":0.9288599039,"152.0":0.9175413999,"153.3030303030303":0.9056156104,"154.60606060606062":0.8935376977,"155.9090909090909":0.8818019756,"157.2121212121212":0.8709279054,"158.5151515151515":0.8613553542,"159.8181818181818":0.8532885438,"161.12121212121212":0.8469039862,"162.42424242424244":0.8424011452,"163.72727272727272":0.8400016636,"165.03030303030303":0.8399363057,"166.33333333333331":0.8421687974,"167.63636363636363":0.8462112378,"168.93939393939394":0.8515556088,"170.24242424242425":0.8577258227,"171.54545454545456":0.8642737496,"172.84848484848484":0.8707710068,"174.15151515151513":0.8769107264,"175.45454545454544":0.8825065877,"176.75757575757575":0.8873708137,"178.06060606060606":0.8913160583,"179.36363636363637":0.8941611808,"180.66666666666666":0.8957392246,"181.96969696969697":0.8959604116,"183.27272727272725":0.8948083024,"184.57575757575756":0.892305924,"185.87878787878788":0.8885133714,"187.1818181818182":0.8835215526,"188.4848484848485":0.8774401754,"189.78787878787878":0.8703688295,"191.0909090909091":0.8624085713,"192.39393939393938":0.8536707035,"193.6969696969697":0.8442746883,"195.0":0.8343460363},"beatport_key\/1.0_upperci":{"66.0":1.1421973911,"67.3030303030303":1.131028404,"68.60606060606061":1.1203074151,"69.9090909090909":1.1100960344,"71.21212121212122":1.100433976,"72.51515151515152":1.0913302141,"73.81818181818181":1.0827549824,"75.12121212121212":1.0746402358,"76.42424242424242":1.066892283,"77.72727272727272":1.0593848971,"79.03030303030303":1.0519516192,"80.33333333333333":1.044388661,"81.63636363636364":1.0364740621,"82.93939393939394":1.0280862501,"84.24242424242425":1.0192688454,"85.54545454545455":1.0100911786,"86.84848484848484":1.0006039661,"88.15151515151516":0.9908177711,"89.45454545454545":0.9807151023,"90.75757575757575":0.9704433478,"92.06060606060606":0.960294102,"93.36363636363636":0.9504989494,"94.66666666666666":0.9412016926,"95.96969696969697":0.9324777411,"97.27272727272728":0.9243891214,"98.57575757575758":0.9170986403,"99.87878787878788":0.9108261621,"101.18181818181819":0.9057665778,"102.48484848484848":0.9020722844,"103.78787878787878":0.8998588948,"105.0909090909091":0.8992171553,"106.39393939393939":0.9001754286,"107.69696969696969":0.9027255063,"109.0":0.9068139081,"110.30303030303031":0.9123247783,"111.6060606060606":0.9190852384,"112.9090909090909":0.9268951214,"114.21212121212122":0.9355598539,"115.51515151515152":0.9448718903,"116.81818181818181":0.9545634938,