Estimator,Size,Min,Max,Avg,Stdev,Sweet Oct. Start,Sweet Oct. Coverage
beatport_key/1.0,774,63.0,184.0,126.00129198966408,17.343086901425263,84.0,0.9715762273901809
