{"beatport_key\/1.0":{"66.0":0.9928589676,"67.3030303030303":1.0083415215,"68.60606060606061":1.0117916247,"69.9090909090909":1.0030005589,"71.21212121212122":0.9817596058,"72.51515151515152":0.9478600472,"73.81818181818181":0.9011006693,"75.12121212121212":0.8434738557,"76.42424242424242":0.7822016559,"77.72727272727272":0.72526882,"79.03030303030303":0.6806600979,"80.33333333333333":0.6563602394,"81.63636363636364":0.6602214525,"82.93939393939394":0.6931601861,"84.24242424242425":0.7458895989,"85.54545454545455":0.8083061198,"86.84848484848484":0.8703061774,"88.15151515151516":0.9217862009,"89.45454545454545":0.9530323671,"90.75757575757575":0.962168589,"92.06060606060606":0.954577506,"93.36363636363636":0.9359154902,"94.66666666666666":0.911838914,"95.96969696969697":0.8880041496,"97.27272727272728":0.8696594925,"98.57575757575758":0.8579259502,"99.87878787878788":0.8515280248,"101.18181818181819":0.8491606992,"102.48484848484848":0.8495189562,"103.78787878787878":0.8512977785,"105.0909090909091":0.8533875997,"106.39393939393939":0.8557946896,"107.69696969696969":0.8589206789,"109.0":0.8631676614,"110.30303030303031":0.8689377311,"111.6060606060606":0.8766329497,"112.9090909090909":0.8864675132,"114.21212121212122":0.8980253273,"115.51515151515152":0.9107582627,"116.81818181818181":0.9241181905,"118.12121212121212":0.9375569815,"119.42424242424242":0.9505270766,"120.72727272727272":0.9625611112,"122.03030303030303":0.9733539082,"123.33333333333333":0.9826198563,"124.63636363636363":0.990073344,"125.93939393939394":0.9954287598,"127.24242424242425":0.998411159,"128.54545454545456":0.9991328363,"129.84848484848484":0.9981938047,"131.15151515151516":0.9962251759,"132.45454545454544":0.9938580616,"133.75757575757575":0.9917235735,"135.06060606060606":0.9904161412,"136.36363636363637":0.9899549105,"137.66666666666666":0.9899022623,"138.96969696969697":0.989807996,"140.27272727272725":0.9892219107,"141.57575757575756":0.9876938057,"142.87878787878788":0.9848880135,"144.1818181818182":0.9814182889,"145.4848484848485":0.9783678325,"146.78787878787878":0.9768231814,"148.0909090909091":0.9778708727,"149.39393939393938":0.9825974434,"150.6969696969697":0.9911793324,"152.0":0.9994484595,"153.3030303030303":1.0019418099,"154.60606060606062":0.9931961466,"155.9090909090909":0.9677482325,"157.2121212121212":0.9201406405,"158.5151515151515":0.8498739585,"159.8181818181818":0.770441895,"161.12121212121212":0.6977892057,"162.42424242424244":0.6478606464,"163.72727272727272":0.636600973,"165.03030303030303":0.6797491838,"166.33333333333331":0.7763400681,"167.63636363636363":0.8966402373,"168.93939393939394":1.0080719126,"170.24242424242425":1.0780573153,"171.54545454545456":1.0740186666,"172.84848484848484":0.9647871047,"174.15151515151513":0.7565548351,"175.45454545454544":0.4958553205,"176.75757575757575":0.2312280792,"178.06060606060606":0.0112126294,"179.36363636363637":-0.1156515106,"180.66666666666666":-0.1051571866,"181.96969696969697":0.0327791239,"183.27272727272725":0.2514500245,"184.57575757575756":0.5034450455,"185.87878787878788":0.741353717,"187.1818181818182":0.9177655691,"188.4848484848485":0.9908667142,"189.78787878787878":0.9572177891,"191.0909090909091":0.829475723,"192.39393939393938":0.6203525137,"193.6969696969697":0.3425601589,"195.0":0.0088106565},"beatport_key\/1.0_lowerci":{"66.0":0.7001885832,"67.3030303030303":0.8239207502,"68.60606060606061":0.8285397572,"69.9090909090909":0.8163657194,"71.21212121212122":0.8015678875,"72.51515151515152":0.7679182112,"73.81818181818181":0.715877247,"75.12121212121212":0.6643889511,"76.42424242424242":0.6222130872,"77.72727272727272":0.5880022398,"79.03030303030303":0.5582452166,"80.33333333333333":0.5373464255,"81.63636363636364":0.5435992864,"82.93939393939394":0.5885004899,"84.24242424242425":0.6610452748,"85.54545454545455":0.7434252445,"86.84848484848484":0.8153184926,"88.15151515151516":0.8648680357,"89.45454545454545":0.893909455,"90.75757575757575":0.9052775263,"92.06060606060606":0.8980390869,"93.36363636363636":0.8725149242,"94.66666666666666":0.8373475265,"95.96969696969697":0.805573584,"97.27272727272728":0.7881614074,"98.57575757575758":0.7839628577,"99.87878787878788":0.7840260071,"101.18181818181819":0.7806422005,"102.48484848484848":0.7737995266,"103.78787878787878":0.769578771,"105.0909090909091":0.7728675514,"106.39393939393939":0.7817698336,"107.69696969696969":0.7908882995,"109.0":0.7958787735,"110.30303030303031":0.7978582966,"111.6060606060606":0.8029674832,"112.9090909090909":0.8165039945,"114.21212121212122":0.8370798991,"115.51515151515152":0.8603944265,"116.81818181818181":0.8813860512,"118.12121212121212":0.8972075189,"119.42424242424242":0.9105736576,"120.72727272727272":0.9256005983,"122.03030303030303":0.9420398494,"123.33333333333333":0.9573311877,"124.63636363636363":0.9683837479,"125.93939393939394":0.9743052952,"127.24242424242425":0.9774964984,"128.54545454545456":0.9787459018,"129.84848484848484":0.9757130616,"131.15151515151516":0.9683157316,"132.45454545454544":0.9598440452,"133.75757575757575":0.9539843858,"135.06060606060606":0.953451858,"136.36363636363637":0.9571188286,"137.66666666666666":0.9607576038,"138.96969696969697":0.9607920457,"140.27272727272725":0.9574610464,"141.57575757575756":0.9535877445,"142.87878787878788":0.9501575223,"144.1818181818182":0.9441403596,"145.4848484848485":0.934120554,"146.78787878787878":0.9237079922,"148.0909090909091":0.9179457667,"149.39393939393938":0.9200535101,"150.6969696969697":0.9270205684,"152.0":0.9258178993,"153.3030303030303":0.9099926889,"154.60606060606062":0.8813041008,"155.9090909090909":0.8419755345,"157.2121212121212":0.7917412018,"158.5151515151515":0.7281506931,"159.8181818181818":0.6519143547,"161.12121212121212":0.5702333709,"162.42424242424244":0.5039273445,"163.72727272727272":0.4810785655,"165.03030303030303":0.5271870014,"166.33333333333331":0.6377892583,"167.63636363636363":0.7642332953,"168.93939393939394":0.8644707275,"170.24242424242425":0.918455035,"171.54545454545456":0.9128643614,"172.84848484848484":0.8262609641,"174.15151515151513":0.6337430173,"175.45454545454544":0.3242913183,"176.75757575757575":-0.0301998323,"178.06060606060606":-0.3393885578,"179.36363636363637":-0.529565283,"180.66666666666666":-0.5400160388,"181.96969696969697":-0.3861196756,"183.27272727272725":-0.1343461293,"184.57575757575756":0.1483205672,"185.87878787878788":0.4021547099,"187.1818181818182":0.582772801,"188.4848484848485":0.6636646237,"189.78787878787878":0.6497605222,"191.0909090909091":0.5491604679,"192.39393939393938":0.3588666401,"193.6969696969697":0.0677679515,"195.0":-0.3252807492},"beatport_key\/1.0_upperci":{"66.0":1.2855293519,"67.3030303030303":1.1927622928,"68.60606060606061":1.1950434921,"69.9090909090909":1.1896353983,"71.21212121212122":1.1619513241,"72.51515151515152":1.1278018831,"73.81818181818181":1.0863240917,"75.12121212121212":1.0225587603,"76.42424242424242":0.9421902246,"77.72727272727272":0.8625354003,"79.03030303030303":0.8030749791,"80.33333333333333":0.7753740534,"81.63636363636364":0.7768436185,"82.93939393939394":0.7978198824,"84.24242424242425":0.8307339231,"85.54545454545455":0.873186995,"86.84848484848484":0.9252938623,"88.15151515151516":0.978704366,"89.45454545454545":1.0121552793,"90.75757575757575":1.0190596517,"92.06060606060606":1.011115925,"93.36363636363636":0.9993160563,"94.66666666666666":0.9863303016,"95.96969696969697":0.9704347152,"97.27272727272728":0.9511575776,"98.57575757575758":0.9318890426,"99.87878787878788":0.9190300425,"101.18181818181819":0.917679198,"102.48484848484848":0.9252383858,"103.78787878787878":0.9330167859,"105.0909090909091":0.933907648,"106.39393939393939":0.9298195457,"107.69696969696969":0.9269530582,"109.0":0.9304565493,"110.30303030303031":0.9400171656,"111.6060606060606":0.9502984161,"112.9090909090909":0.9564310319,"114.21212121212122":0.9589707554,"115.51515151515152":0.961122099,"116.81818181818181":0.9668503298,