{"beatport_key\/1.0":{"0.0":0.0,"1.0":0.0,"2.0":0.0,"3.0":0.0,"4.0":0.0,"5.0":0.0,"6.0":0.0,"7.0":0.0,"8.0":0.0,"9.0":0.0,"10.0":0.0,"11.0":0.0,"12.0":0.0,"13.0":0.0,"14.0":0.0,"15.0":0.0,"16.0":0.0,"17.0":0.0,"18.0":0.0,"19.0":0.0,"20.0":0.0,"21.0":0.0,"22.0":0.0,"23.0":0.0,"24.0":0.0,"25.0":0.0,"26.0":0.0,"27.0":0.0,"28.0":0.0,"29.0":0.0,"30.0":0.0,"31.0":0.0,"32.0":0.0,"33.0":0.0,"34.0":0.0,"35.0":0.0,"36.0":0.0,"37.0":0.0,"38.0":0.0,"39.0":0.0,"40.0":0.0,"41.0":0.0,"42.0":0.0,"43.0":0.0,"44.0":0.0,"45.0":0.0,"46.0":0.0,"47.0":0.0,"48.0":0.0,"49.0":0.0,"50.0":0.0,"51.0":0.0,"52.0":0.0,"53.0":0.0,"54.0":0.0,"55.0":0.0,"56.0":-0.0220263063,"57.0":-0.0220263063,"58.0":-0.0215912026,"59.0":-0.0215912026,"60.0":-0.016193402,"61.0":-0.016193402,"62.0":-0.016193402,"63.0":-0.016193402,"64.0":-0.0173385369,"65.0":-0.0173385369,"66.0":-0.0173385369,"67.0":0.1266528687,"68.0":0.1266528687,"69.0":0.1085239439,"70.0":0.0850044205,"71.0":0.0850044205,"72.0":0.0772767459,"73.0":0.0772767459,"74.0":0.2706780724,"75.0":0.2067332755,"76.0":0.1543468809,"77.0":0.1631611368,"78.0":0.1382098508,"79.0":0.1274204229,"80.0":0.0968087834,"81.0":0.0987844728,"82.0":0.0853101769,"83.0":0.100536941,"84.0":0.0969876963,"85.0":0.0911534397,"86.0":0.0897723269,"87.0":0.0897723269,"88.0":0.0721290922,"89.0":0.070871471,"90.0":0.0709601308,"91.0":0.0710113747,"92.0":0.0821262317,"93.0":0.0831928061,"94.0":0.079898836,"95.0":0.041598057,"96.0":0.0446068555,"97.0":0.0544754458,"98.0":0.0399132557,"99.0":0.0483859466,"100.0":0.0523605241,"101.0":0.0571520794,"102.0":0.0561666987,"103.0":0.0621715039,"104.0":0.0409244047,"105.0":0.0369420873,"106.0":0.0306406565,"107.0":0.0284986509,"108.0":0.0270172224,"109.0":0.0143346286,"110.0":0.0079970971,"111.0":0.0043036963,"112.0":0.0039210947,"113.0":-0.007186019,"114.0":-0.0078185795,"115.0":-0.007660579,"116.0":-0.0072692071,"117.0":-0.0072318607,"118.0":-0.0106663175,"119.0":-0.0104845531,"120.0":-0.0119195683,"121.0":-0.0119073653,"122.0":-0.0118271781,"123.0":-0.0117387298,"124.0":-0.0116335349,"125.0":-0.0114390881,"126.0":-0.0114323867,"127.0":-0.0108441944,"128.0":-0.010810646,"129.0":-0.0108286943,"130.0":-0.0087488165,"131.0":-0.0090133621,"132.0":-0.0081618313,"133.0":-0.0083136782,"134.0":-0.0083714212,"135.0":-0.0102847901,"136.0":-0.0105992029,"137.0":-0.0111174377,"138.0":-0.011530593,"139.0":-0.0108307708,"140.0":-0.0107909148,"141.0":-0.0095978225,"142.0":-0.0095584342,"143.0":-0.0097036315,"144.0":-0.009871687,"145.0":-0.0099756069,"146.0":-0.010383626,"147.0":-0.0105510664,"148.0":-0.0109366482,"149.0":-0.0113361481,"150.0":-0.0154172899,"151.0":-0.0214654122,"152.0":-0.0217258094,"153.0":-0.0332123123,"154.0":-0.0449164464,"155.0":-0.0490044359,"156.0":-0.0393907531,"157.0":-0.040209511,"158.0":-0.0419954948,"159.0":-0.0456310563,"160.0":-0.0428535962,"161.0":-0.0753409826,"162.0":-0.0792089199,"163.0":-0.0841594774,"164.0":-0.0806146347,"165.0":-0.1713739019,"166.0":-0.1713739019,"167.0":-0.179905275,"168.0":-0.179905275,"169.0":-0.2229790739,"170.0":-0.2229790739,"171.0":-0.1964770334,"172.0":-0.1964770334,"173.0":-0.1964770334,"174.0":-0.1964770334,"175.0":-0.1793739115,"176.0":-0.2134946518,"177.0":-0.2134946518,"178.0":-0.196906674,"179.0":-0.196906674,"180.0":-0.2140133409,"181.0":-0.3044017606,"182.0":-0.3044017606,"183.0":-0.3044017606,"184.0":-0.3044017606,"185.0":-0.5174787189,"186.0":-0.5192221836,"187.0":-0.5192221836,"188.0":-0.5192221836,"189.0":-0.5192221836,"190.0":-0.5192221836,"191.0":-0.5192221836,"192.0":-0.5192221836,"193.0":-0.5192221836,"194.0":-0.5192221836,"195.0":-0.5192221836,"196.0":-0.5192221836,"197.0":-0.5192221836,"198.0":-0.5192221836,"199.0":-1.0074174716,"200.0":-1.0074174716,"201.0":-1.0074174716,"202.0":-1.0074174716,"203.0":-1.0074174716,"204.0":-1.0074174716,"205.0":-1.0074174716,"206.0":0.0,"207.0":0.0,"208.0":0.0,"209.0":0.0,"210.0":0.0,"211.0":0.0,"212.0":0.0,"213.0":0.0,"214.0":0.0,"215.0":0.0,"216.0":0.0,"217.0":0.0,"218.0":0.0,"219.0":0.0,"220.0":0.0,"221.0":0.0,"222.0":0.0,"223.0":0.0,"224.0":0.0,"225.0":0.0,"226.0":0.0,"227.0":0.0,"228.0":0.0,"229.0":0.0,"230.0":0.0,"231.0":0.0,"232.0":0.0,"233.0":0.0,"234.0":0.0,"235.0":0.0,"236.0":0.0,"237.0":0.0,"238.0":0.0,"239.0":0.0,"240.0":0.0,"241.0":0.0,"242.0":0.0,"243.0":0.0,"244.0":0.0,"245.0":0.0,"246.0":0.0,"247.0":0.0,"248.0":0.0,"249.0":0.0,"250.0":0.0,"251.0":0.0,"252.0":0.0,"253.0":0.0,"254.0":0.0,"255.0":0.0,"256.0":0.0,"257.0":0.0,"258.0":0.0,"259.0":0.0,"260.0":0.0,"261.0":0.0,"262.0":0.0,"263.0":0.0,"264.0":0.0,"265.0":0.0,"266.0":0.0,"267.0":0.0,"268.0":0.0,"269.0":0.0,"270.0":0.0,"271.0":0.0,"272.0":0.0,"273.0":0.0,"274.0":0.0,"275.0":0.0,"276.0":0.0,"277.0":0.0,"278.0":0.0,"279.0":0.0,"280.0":0.0,"281.0":0.0,"282.0":0.0,"283.0":0.0,"284.0":0.0,"285.0":0.0,"286.0":0.0,"287.0":0.0,"288.0":0.0,"289.0":0.0,"290.0":0.0,"291.0":0.0,"292.0":0.0,"293.0":0.0,"294.0":0.0,"295.0":0.0,"296.0":0.0,"297.0":0.0,"298.0":0.0,"299.0":0.0,"300.0":0.0}}