Estimator,OE1_MEAN,OE1_STDEV,OE2_MEAN,OE2_STDEV
beatport_key/1.0,-0.0046108129458954615,0.1348883793407645,-0.009778771602226212,0.059727836428901476
