{"AOE1_MEAN":{"beatport_key\/1.0":0.0301868969},"AOE1_STDEV":{"beatport_key\/1.0":0.1315480358},"AOE2_MEAN":{"beatport_key\/1.0":0.0157802014},"AOE2_STDEV":{"beatport_key\/1.0":0.0584296505}}