{"beatport_key\/1.0":{"66.0":-0.0217147722,"67.3030303030303":-0.0194303673,"68.60606060606061":-0.017157146,"69.9090909090909":-0.0149000133,"71.21212121212122":-0.0126638744,"72.51515151515152":-0.0104536344,"73.81818181818181":-0.0082743145,"75.12121212121212":-0.0061648579,"76.42424242424242":-0.0042450801,"77.72727272727272":-0.0026465913,"79.03030303030303":-0.0015010015,"80.33333333333333":-0.0009399206,"81.63636363636364":-0.0010932673,"82.93939393939394":-0.0020024532,"84.24242424242425":-0.0035786853,"85.54545454545455":-0.0057227487,"86.84848484848484":-0.0083354283,"88.15151515151516":-0.011317509,"89.45454545454545":-0.0145681495,"90.75757575757575":-0.0179538045,"92.06060606060606":-0.0213106409,"93.36363636363636":-0.0244736834,"94.66666666666666":-0.0272779565,"95.96969696969697":-0.029558485,"97.27272727272728":-0.0311693862,"98.57575757575758":-0.0321578819,"99.87878787878788":-0.0326833197,"101.18181818181819":-0.0329064281,"102.48484848484848":-0.0329879358,"103.78787878787878":-0.0330885716,"105.0909090909091":-0.0333412317,"106.39393939393939":-0.0337199163,"107.69696969696969":-0.0341423261,"109.0":-0.0345260957,"110.30303030303031":-0.0347888596,"111.6060606060606":-0.0348482522,"112.9090909090909":-0.034620379,"114.21212121212122":-0.0340162162,"115.51515151515152":-0.0329456657,"116.81818181818181":-0.0313186293,"118.12121212121212":-0.0290450087,"119.42424242424242":-0.0260356928,"120.72727272727272":-0.0223404613,"122.03030303030303":-0.0182899906,"123.33333333333333":-0.014248843,"124.63636363636363":-0.0105815809,"125.93939393939394":-0.0076527666,"127.24242424242425":-0.0058188458,"128.54545454545456":-0.0051416029,"129.84848484848484":-0.0053117029,"131.15151515151516":-0.0059961473,"132.45454545454544":-0.0068619373,"133.75757575757575":-0.0075760745,"135.06060606060606":-0.0078229511,"136.36363636363637":-0.0075597014,"137.66666666666666":-0.0069600112,"138.96969696969697":-0.0062035317,"140.27272727272725":-0.0054699139,"141.57575757575756":-0.004938809,"142.87878787878788":-0.0047516645,"144.1818181818182":-0.0047332401,"145.4848484848485":-0.0045517079,"146.78787878787878":-0.0038741271,"148.0909090909091":-0.002367557,"149.39393939393938":0.0003009431,"150.6969696969697":0.0043664539,"152.0":0.009596902,"153.3030303030303":0.0156209735,"154.60606060606062":0.0220673306,"155.9090909090909":0.0285646354,"157.2121212121212":0.03474157,"158.5151515151515":0.0402437176,"159.8181818181818":0.0447643625,"161.12121212121212":0.0480051442,"162.42424242424244":0.0496677023,"163.72727272727272":0.0494536765,"165.03030303030303":0.0470681547,"166.33333333333331":0.0424961844,"167.63636363636363":0.0362049624,"168.93939393939394":0.0287093571,"170.24242424242425":0.0205242366,"171.54545454545456":0.0121644692,"172.84848484848484":0.0041370205,"174.15151515151513":-0.0032607034,"175.45454545454544":-0.0099575719,"176.75757575757575":-0.0158937066,"178.06060606060606":-0.0210092288,"179.36363636363637":-0.0252442601,"180.66666666666666":-0.0285454355,"181.96969696969697":-0.0309407634,"183.27272727272725":-0.0325135661,"184.57575757575756":-0.0333482232,"185.87878787878788":-0.0335291141,"187.1818181818182":-0.0331406182,"188.4848484848485":-0.032265549,"189.78787878787878":-0.0309759821,"191.0909090909091":-0.029339489,"192.39393939393938":-0.027423626,"193.6969696969697":-0.0252959491,"195.0":-0.0230240145},"beatport_key\/1.0_lowerci":{"66.0":-0.081769893,"67.3030303030303":-0.0729192748,"68.60606060606061":-0.0648033748,"69.9090909090909":-0.0575594851,"71.21212121212122":-0.0512520758,"72.51515151515152":-0.0458378092,"73.81818181818181":-0.041153427,"75.12121212121212":-0.0370117186,"76.42424242424242":-0.033364556,"77.72727272727272":-0.0302059641,"79.03030303030303":-0.0275410444,"80.33333333333333":-0.0253820952,"81.63636363636364":-0.0237587297,"82.93939393939394":-0.0227338912,"84.24242424242425":-0.0224139994,"85.54545454545455":-0.022923183,"86.84848484848484":-0.024328061,"88.15151515151516":-0.0265652908,"89.45454545454545":-0.0294386897,"90.75757575757575":-0.0327594615,"92.06060606060606":-0.0363889124,"93.36363636363636":-0.040119977,"94.66666666666666":-0.043642984,"95.96969696969697":-0.0465874499,"97.27272727272728":-0.0486323082,"98.57575757575758":-0.0498661787,"99.87878787878788":-0.0505900327,"101.18181818181819":-0.0510395776,"102.48484848484848":-0.0513465603,"103.78787878787878":-0.0515557378,"105.0909090909091":-0.051686149,"106.39393939393939":-0.0517849897,"107.69696969696969":-0.0518899615,"109.0":-0.0519599539,"110.30303030303031":-0.0518445833,"111.6060606060606":-0.0513063616,"112.9090909090909":-0.050150721,"114.21212121212122":-0.0484378471,"115.51515151515152":-0.0462905703,"116.81818181818181":-0.0437490643,"118.12121212121212":-0.0406865339,"119.42424242424242":-0.0368080125,"120.72727272727272":-0.031996215,"122.03030303030303":-0.0267188065,"123.33333333333333":-0.021605477,"124.63636363636363":-0.0172506087,"125.93939393939394":-0.0140378217,"127.24242424242425":-0.0121251415,"128.54545454545456":-0.0115217431,"129.84848484848484":-0.0120977294,"131.15151515151516":-0.0135348213,"132.45454545454544":-0.0152660751,"133.75757575757575":-0.0166277434,"135.06060606060606":-0.017043271,"136.36363636363637":-0.0165698716,"137.66666666666666":-0.0157335152,"138.96969696969697":-0.0149921183,"140.27272727272725":-0.0145838888,"141.57575757575756":-0.0145398471,"142.87878787878788":-0.014855594,"144.1818181818182":-0.0154940614,"145.4848484848485":-0.01631503,"146.78787878787878":-0.0169923228,"148.0909090909091":-0.0170298839,"149.39393939393938":-0.0158792418,"150.6969696969697":-0.0131840821,"152.0":-0.0092812335,"153.3030303030303":-0.0046519405,"154.60606060606062":0.0003234484,"155.9090909090909":0.0053618309,"157.2121212121212":0.0102356498,"158.5151515151515":0.0146893726,"159.8181818181818":0.018368547,"161.12121212121212":0.0209185325,"162.42424242424244":0.0220202013,"163.72727272727272":0.0213880355,"165.03030303030303":0.0187502372,"166.33333333333331":0.0140324312,"167.63636363636363":0.0075232813,"168.93939393939394":-0.0004186331,"170.24242424242425":-0.0093615313,"171.54545454545456":-0.0187861062,"172.84848484848484":-0.028112544,"174.15151515151513":-0.0369814065,"175.45454545454544":-0.0453035066,"176.75757575757575":-0.0530019042,"178.06060606060606":-0.0599966354,"179.36363636363637":-0.0662107215,"180.66666666666666":-0.0715914746,"181.96969696969697":-0.076232549,"183.27272727272725":-0.0803185658,"184.57575757575756":-0.0840255903,"185.87878787878788":-0.0875126785,"187.1818181818182":-0.0909221413,"188.4848484848485":-0.09438779,"189.78787878787878":-0.0980491578,"191.0909090909091":-0.1020191339,"192.39393939393938":-0.1063676152,"193.6969696969697":-0.1111245274,"195.0":-0.1162876521},"beatport_key\/1.0_upperci":{"66.0":0.0383403487,"67.3030303030303":0.0340585402,"68.60606060606061":0.0304890828,"69.9090909090909":0.0277594584,"71.21212121212122":0.0259243269,"72.51515151515152":0.0249305404,"73.81818181818181":0.024604798,"75.12121212121212":0.0246820029,"76.42424242424242":0.0248743957,"77.72727272727272":0.0249127814,"79.03030303030303":0.0245390415,"80.33333333333333":0.023502254,"81.63636363636364":0.0215721951,"82.93939393939394":0.0187289849,"84.24242424242425":0.0152566288,"85.54545454545455":0.0114776856,"86.84848484848484":0.0076572044,"88.15151515151516":0.0039302728,"89.45454545454545":0.0003023907,"90.75757575757575":-0.0031481476,"92.06060606060606":-0.0062323695,"93.36363636363636":-0.0088273898,"94.66666666666666":-0.010912929,"95.96969696969697":-0.0125295201,"97.27272727272728":-0.0137064642,"98.57575757575758":-0.0144495852,"99.87878787878788":-0.0147766066,"101.18181818181819":-0.0147732786,"102.48484848484848":-0.0146293113,"103.78787878787878":-0.0146214054,"105.0909090909091":-0.0149963144,"106.39393939393939":-0.015654843,"107.69696969696969":-0.0163946908,"109.0":-0.0170922375,"110.30303030303031":-0.017733136,