Estimator,AOE1_MEAN,AOE1_STDEV,AOE2_MEAN,AOE2_STDEV
beatport_key/1.0,0.030186896908483446,0.1315480358357228,0.015780201427076694,0.05842965053332942
