{"beatport_key\/1.0":{"66.0":0.0124001976,"67.3030303030303":0.0120773755,"68.60606060606061":0.0117963734,"69.9090909090909":0.0115793162,"71.21212121212122":0.0114483292,"72.51515151515152":0.0114255375,"73.81818181818181":0.0115330744,"75.12121212121212":0.0117954689,"76.42424242424242":0.0122429608,"77.72727272727272":0.0129066233,"79.03030303030303":0.0138175292,"80.33333333333333":0.0150067514,"81.63636363636364":0.0165050548,"82.93939393939394":0.0183270753,"84.24242424242425":0.0204637218,"85.54545454545455":0.0229040041,"86.84848484848484":0.0256369318,"88.15151515151516":0.0286515146,"89.45454545454545":0.0319345857,"90.75757575757575":0.0354292129,"92.06060606060606":0.0390379312,"93.36363636363636":0.0426617471,"94.66666666666666":0.0462016671,"95.96969696969697":0.0495586979,"97.27272727272728":0.0526356146,"98.57575757575758":0.0553530804,"99.87878787878788":0.0576421453,"101.18181818181819":0.0594339872,"102.48484848484848":0.0606597838,"103.78787878787878":0.061250713,"105.0909090909091":0.0611501602,"106.39393939393939":0.0603712038,"107.69696969696969":0.0589516158,"109.0":0.056929197,"110.30303030303031":0.0543417483,"111.6060606060606":0.0512270729,"112.9090909090909":0.0476362086,"114.21212121212122":0.0436645962,"115.51515151515152":0.0394169778,"116.81818181818181":0.0349980955,"118.12121212121212":0.0305126917,"119.42424242424242":0.0260655439,"120.72727272727272":0.0217664285,"122.03030303030303":0.0177352304,"123.33333333333333":0.0140930541,"124.63636363636363":0.0109610044,"125.93939393939394":0.0084601858,"127.24242424242425":0.0067084481,"128.54545454545456":0.0057054881,"129.84848484848484":0.0053021908,"131.15151515151516":0.005339953,"132.45454545454544":0.005660171,"133.75757575757575":0.0061042415,"135.06060606060606":0.0065205697,"136.36363636363637":0.0068674801,"137.66666666666666":0.0071905705,"138.96969696969697":0.0075378431,"140.27272727272725":0.0079572999,"141.57575757575756":0.0084969428,"142.87878787878788":0.0092077897,"144.1818181818182":0.0101658588,"145.4848484848485":0.0114595295,"146.78787878787878":0.0131772692,"148.0909090909091":0.0154075454,"149.39393939393938":0.0182388253,"150.6969696969697":0.0217209281,"152.0":0.0257191776,"153.3030303030303":0.0300439071,"154.60606060606062":0.0345054401,"155.9090909090909":0.0389141004,"157.2121212121212":0.0430802352,"158.5151515151515":0.0468343258,"159.8181818181818":0.0500636785,"161.12121212121212":0.052665553,"162.42424242424244":0.054537209,"163.72727272727272":0.0555759062,"165.03030303030303":0.055680057,"166.33333333333331":0.0548416553,"167.63636363636363":0.053213862,"168.93939393939394":0.050965773,"170.24242424242425":0.0482664842,"171.54545454545456":0.0452850916,"172.84848484848484":0.042188407,"174.15151515151513":0.0390826723,"175.45454545454544":0.0360087284,"176.75757575757575":0.0330041638,"178.06060606060606":0.0301065669,"179.36363636363637":0.0273535264,"180.66666666666666":0.024779855,"181.96969696969697":0.022385687,"183.27272727272725":0.0201475842,"184.57575757575756":0.0180416579,"185.87878787878788":0.0160440192,"187.1818181818182":0.0141307793,"188.4848484848485":0.0122794493,"189.78787878787878":0.0104771378,"191.0909090909091":0.0087149795,"192.39393939393938":0.0069841226,"193.6969696969697":0.0052757155,"195.0":0.0035809066},"beatport_key\/1.0_lowerci":{"66.0":-0.0383467882,"67.3030303030303":-0.0344161984,"68.60606060606061":-0.030654763,"69.9090909090909":-0.0270847059,"71.21212121212122":-0.0237195523,"72.51515151515152":-0.0205606154,"73.81818181818181":-0.0175938212,"75.12121212121212":-0.0147908605,"76.42424242424242":-0.0121155528,"77.72727272727272":-0.0095191304,"79.03030303030303":-0.0069368423,"80.33333333333333":-0.0042891076,"81.63636363636364":-0.0014891537,"82.93939393939394":0.0015084662,"84.24242424242425":0.004681448,"85.54545454545455":0.0079971035,"86.84848484848484":0.0114301392,"88.15151515151516":0.0149712139,"89.45454545454545":0.0186222978,"90.75757575757575":0.0223232117,"92.06060606060606":0.0259595924,"93.36363636363636":0.0294410335,"94.66666666666666":0.0327120023,"95.96969696969697":0.0357441364,"97.27272727272728":0.0385150724,"98.57575757575758":0.0409693061,"99.87878787878788":0.043032671,"101.18181818181819":0.0446409707,"102.48484848484848":0.0457468906,"103.78787878787878":0.0463177296,"105.0909090909091":0.0463289158,"106.39393939393939":0.0457706732,"107.69696969696969":0.044644216,"109.0":0.0429687393,"110.30303030303031":0.0407882183,"111.6060606060606":0.038169281,"112.9090909090909":0.0351850773,"114.21212121212122":0.0318920446,"115.51515151515152":0.0283487382,"116.81818181818181":0.0246376257,"118.12121212121212":0.0208760978,"119.42424242424242":0.0172121491,"120.72727272727272":0.0137690438,"122.03030303030303":0.0105786239,"123.33333333333333":0.00764368,"124.63636363636363":0.0049932456,"125.93939393939394":0.0027343388,"127.24242424242425":0.001052346,"128.54545454545456":-0.0000097129,"129.84848484848484":-0.000623858,"131.15151515151516":-0.0009371278,"132.45454545454544":-0.0010343638,"133.75757575757575":-0.0009646343,"135.06060606060606":-0.0007849332,"136.36363636363637":-0.0005606117,"137.66666666666666":-0.0003499692,"138.96969696969697":-0.0001862043,"140.27272727272725":-0.0000523705,"141.57575757575756":0.0001124949,"142.87878787878788":0.00037401,"144.1818181818182":0.000755989,"145.4848484848485":0.0012938907,"146.78787878787878":0.0020807149,"148.0909090909091":0.0032618967,"149.39393939393938":0.0050082561,"150.6969696969697":0.0074367537,"152.0":0.0104134998,"153.3030303030303":0.0137367292,"154.60606060606062":0.0172190373,"155.9090909090909":0.0206885732,"157.2121212121212":0.0239835233,"158.5151515151515":0.0269502763,"159.8181818181818":0.0294540001,"161.12121212121212":0.0313685411,"162.42424242424244":0.0325768639,"163.72727272727272":0.0329707442,"165.03030303030303":0.0324478729,"166.33333333333331":0.0309858958,"167.63636363636363":0.0287034428,"168.93939393939394":0.0257428311,"170.24242424242425":0.0222590629,"171.54545454545456":0.018418247,"172.84848484848484":0.0143896243,"174.15151515151513":0.0102657215,"175.45454545454544":0.0060519976,"176.75757575757575":0.0017466218,"178.06060606060606":-0.0026520655,"179.36363636363637":-0.0071432585,"180.66666666666666":-0.0117259406,"181.96969696969697":-0.0164361942,"183.27272727272725":-0.0213270269,"184.57575757575756":-0.0264366473,"185.87878787878788":-0.0317885383,"187.1818181818182":-0.0373939413,"188.4848484848485":-0.0432545482,"189.78787878787878":-0.0493618001,"191.0909090909091":-0.0557005701,"192.39393939393938":-0.0622516399,"193.6969696969697":-0.0689925498,"195.0":-0.0758984373},"beatport_key\/1.0_upperci":{"66.0":0.0631471833,"67.3030303030303":0.0585709494,"68.60606060606061":0.0542475097,"69.9090909090909":0.0502433383,"71.21212121212122":0.0466162107,"72.51515151515152":0.0434116904,"73.81818181818181":0.04065997,"75.12121212121212":0.0383817982,"76.42424242424242":0.0366014745,"77.72727272727272":0.035332377,"79.03030303030303":0.0345719006,"80.33333333333333":0.0343026104,"81.63636363636364":0.0344992633,"82.93939393939394":0.0351456843,"84.24242424242425":0.0362459957,"85.54545454545455":0.0378109048,"86.84848484848484":0.0398437244,"88.15151515151516":0.0423318152,"89.45454545454545":0.0452468737,"90.75757575757575":0.0485352141,"92.06060606060606":0.05211627,"93.36363636363636":0.0558824606,"94.66666666666666":0.059691332,"95.96969696969697":0.0633732594,"97.27272727272728":0.0667561568,"98.57575757575758":0.0697368547,"99.87878787878788":0.0722516197,"101.18181818181819":0.0742270037,"102.48484848484848":0.0755726769,"103.78787878787878":0.0761836964,"105.0909090909091":0.0759714046,"106.39393939393939":0.0749717344,"107.69696969696969":0.0732590156,"109.0":0.0708896547,"110.30303030303031":0.0678952783,"111.6060606060606":0.0642848647,"112.9090909090909":0.06008734,"114.21212121212122":0.0554371478,"115.51515151515152":0.0504852173,"116.81818181818181":0.0453585653,