{"beatport_key\/1.0":{"0.0":0.0,"1.0":0.0,"2.0":0.0,"3.0":0.0,"4.0":0.0,"5.0":0.0,"6.0":0.0,"7.0":0.0,"8.0":0.0,"9.0":0.0,"10.0":0.0,"11.0":0.0,"12.0":0.0,"13.0":0.0,"14.0":0.0,"15.0":0.0,"16.0":0.0,"17.0":0.0,"18.0":0.0,"19.0":0.0,"20.0":0.0,"21.0":0.0,"22.0":0.0,"23.0":0.0,"24.0":0.0,"25.0":0.0,"26.0":0.0,"27.0":0.0,"28.0":0.0,"29.0":0.0,"30.0":0.0,"31.0":0.0,"32.0":0.0,"33.0":0.0,"34.0":0.0,"35.0":0.0,"36.0":0.0,"37.0":0.0,"38.0":0.0,"39.0":0.0,"40.0":0.0,"41.0":0.0,"42.0":0.0,"43.0":0.0,"44.0":0.0,"45.0":0.0,"46.0":0.0,"47.0":0.0,"48.0":0.0,"49.0":0.0,"50.0":0.0,"51.0":0.0,"52.0":0.0,"53.0":0.0,"54.0":0.0,"55.0":0.0,"56.0":0.0220263063,"57.0":0.0220263063,"58.0":0.0215912026,"59.0":0.0215912026,"60.0":0.016193402,"61.0":0.016193402,"62.0":0.016193402,"63.0":0.016193402,"64.0":0.0173385369,"65.0":0.0173385369,"66.0":0.0173385369,"67.0":0.0162042742,"68.0":0.0162042742,"69.0":0.0164760561,"70.0":0.0149955795,"71.0":0.0149955795,"72.0":0.013632345,"73.0":0.013632345,"74.0":0.0150362133,"75.0":0.0154889467,"76.0":0.0123197858,"77.0":0.0249057986,"78.0":0.023736677,"79.0":0.0220686797,"80.0":0.0197927166,"81.0":0.0201966496,"82.0":0.0187983052,"83.0":0.0321761946,"84.0":0.0313741889,"85.0":0.0293092526,"86.0":0.028865173,"87.0":0.028865173,"88.0":0.0283131872,"89.0":0.0281151232,"90.0":0.0321635295,"91.0":0.0321122855,"92.0":0.0413500614,"93.0":0.0418870751,"94.0":0.0404905497,"95.0":0.0392696364,"96.0":0.0404078991,"97.0":0.0472732323,"98.0":0.0441603075,"99.0":0.0503577211,"100.0":0.0528581383,"101.0":0.0554503487,"102.0":0.0544943082,"103.0":0.0589292207,"104.0":0.0440436415,"105.0":0.0405726216,"106.0":0.0611955877,"107.0":0.0575067206,"108.0":0.055078814,"109.0":0.0677614078,"110.0":0.0467335938,"111.0":0.0437927885,"112.0":0.0396379859,"113.0":0.0286389907,"114.0":0.025868666,"115.0":0.0220097845,"116.0":0.0191089103,"117.0":0.0173091654,"118.0":0.0124108783,"119.0":0.0121562341,"120.0":0.0119744401,"121.0":0.0119614624,"122.0":0.0118810219,"123.0":0.0117918275,"124.0":0.011685317,"125.0":0.0114893973,"126.0":0.0114816185,"127.0":0.0087837979,"128.0":0.0087937178,"129.0":0.0088117661,"130.0":0.0069415879,"131.0":0.0070897726,"132.0":0.0075737242,"133.0":0.0077186658,"134.0":0.0077620999,"135.0":0.0076342792,"136.0":0.007656758,"137.0":0.0078728347,"138.0":0.0079823507,"139.0":0.009605892,"140.0":0.0095521169,"141.0":0.008163425,"142.0":0.0080852692,"143.0":0.0081753949,"144.0":0.0082993666,"145.0":0.0082984652,"146.0":0.0085767606,"147.0":0.008556904,"148.0":0.0088015109,"149.0":0.0089846117,"150.0":0.0117457648,"151.0":0.0153740184,"152.0":0.0154927552,"153.0":0.0143549269,"154.0":0.0217511813,"155.0":0.023216688,"156.0":0.0294785736,"157.0":0.0300219932,"158.0":0.0312087113,"159.0":0.0338003905,"160.0":0.0337852518,"161.0":0.0587156845,"162.0":0.061605663,"163.0":0.065456017,"164.0":0.0630113779,"165.0":0.0564111336,"166.0":0.0564111336,"167.0":0.0588918347,"168.0":0.0588918347,"169.0":0.0696953828,"170.0":0.0696953828,"171.0":0.0456741702,"172.0":0.0456741702,"173.0":0.0456741702,"174.0":0.0456741702,"175.0":0.018331851,"176.0":0.0202441792,"177.0":0.0202441792,"178.0":0.0212244262,"179.0":0.0212244262,"180.0":0.0207628683,"181.0":0.0186874749,"182.0":0.0186874749,"183.0":0.0186874749,"184.0":0.0186874749,"185.0":0.0174787189,"186.0":0.0192221836,"187.0":0.0192221836,"188.0":0.0192221836,"189.0":0.0192221836,"190.0":0.0192221836,"191.0":0.0192221836,"192.0":0.0192221836,"193.0":0.0192221836,"194.0":0.0192221836,"195.0":0.0192221836,"196.0":0.0192221836,"197.0":0.0192221836,"198.0":0.0192221836,"199.0":0.0074174716,"200.0":0.0074174716,"201.0":0.0074174716,"202.0":0.0074174716,"203.0":0.0074174716,"204.0":0.0074174716,"205.0":0.0074174716,"206.0":0.0,"207.0":0.0,"208.0":0.0,"209.0":0.0,"210.0":0.0,"211.0":0.0,"212.0":0.0,"213.0":0.0,"214.0":0.0,"215.0":0.0,"216.0":0.0,"217.0":0.0,"218.0":0.0,"219.0":0.0,"220.0":0.0,"221.0":0.0,"222.0":0.0,"223.0":0.0,"224.0":0.0,"225.0":0.0,"226.0":0.0,"227.0":0.0,"228.0":0.0,"229.0":0.0,"230.0":0.0,"231.0":0.0,"232.0":0.0,"233.0":0.0,"234.0":0.0,"235.0":0.0,"236.0":0.0,"237.0":0.0,"238.0":0.0,"239.0":0.0,"240.0":0.0,"241.0":0.0,"242.0":0.0,"243.0":0.0,"244.0":0.0,"245.0":0.0,"246.0":0.0,"247.0":0.0,"248.0":0.0,"249.0":0.0,"250.0":0.0,"251.0":0.0,"252.0":0.0,"253.0":0.0,"254.0":0.0,"255.0":0.0,"256.0":0.0,"257.0":0.0,"258.0":0.0,"259.0":0.0,"260.0":0.0,"261.0":0.0,"262.0":0.0,"263.0":0.0,"264.0":0.0,"265.0":0.0,"266.0":0.0,"267.0":0.0,"268.0":0.0,"269.0":0.0,"270.0":0.0,"271.0":0.0,"272.0":0.0,"273.0":0.0,"274.0":0.0,"275.0":0.0,"276.0":0.0,"277.0":0.0,"278.0":0.0,"279.0":0.0,"280.0":0.0,"281.0":0.0,"282.0":0.0,"283.0":0.0,"284.0":0.0,"285.0":0.0,"286.0":0.0,"287.0":0.0,"288.0":0.0,"289.0":0.0,"290.0":0.0,"291.0":0.0,"292.0":0.0,"293.0":0.0,"294.0":0.0,"295.0":0.0,"296.0":0.0,"297.0":0.0,"298.0":0.0,"299.0":0.0,"300.0":0.0}}