{"beatport_key\/1.0":{"0.0":0.4095607235,"0.0005":0.4095607235,"0.001":0.4095607235,"0.0015":0.4095607235,"0.002":0.4095607235,"0.0025":0.4095607235,"0.003":0.4095607235,"0.0035":0.4095607235,"0.004":0.4095607235,"0.0045":0.4095607235,"0.005":0.4095607235,"0.0055":0.4095607235,"0.006":0.4095607235,"0.0065":0.4160206718,"0.007":0.4625322997,"0.0075":0.5813953488,"0.008":0.7868217054,"0.0085":0.854005168,"0.009":0.8682170543,"0.0095":0.8746770026,"0.01":0.8863049096,"0.0105":0.8901808786,"0.011":0.9005167959,"0.0115":0.9289405685,"0.012":0.9379844961,"0.0125":0.9392764858,"0.013":0.9457364341,"0.0135":0.9483204134,"0.014":0.9509043928,"0.0145":0.9521963824,"0.015":0.9547803618,"0.0155":0.9560723514,"0.016":0.9560723514,"0.0165":0.9560723514,"0.017":0.9573643411,"0.0175":0.9599483204,"0.018":0.9612403101,"0.0185":0.9612403101,"0.019":0.9612403101,"0.0195":0.9612403101,"0.02":0.9612403101,"0.0205":0.9612403101,"0.021":0.9612403101,"0.0215":0.9625322997,"0.022":0.9625322997,"0.0225":0.9625322997,"0.023":0.9625322997,"0.0235":0.9638242894,"0.024":0.9638242894,"0.0245":0.9638242894,"0.025":0.9638242894,"0.0255":0.9638242894,"0.026":0.9638242894,"0.0265":0.9638242894,"0.027":0.9638242894,"0.0275":0.9638242894,"0.028":0.9638242894,"0.0285":0.9638242894,"0.029":0.9638242894,"0.0295":0.9651162791,"0.03":0.9651162791,"0.0305":0.9651162791,"0.031":0.9651162791,"0.0315":0.9651162791,"0.032":0.9651162791,"0.0325":0.9651162791,"0.033":0.9651162791,"0.0335":0.9651162791,"0.034":0.9651162791,"0.0345":0.9651162791,"0.035":0.9651162791,"0.0355":0.9651162791,"0.036":0.9651162791,"0.0365":0.9651162791,"0.037":0.9651162791,"0.0375":0.9651162791,"0.038":0.9651162791,"0.0385":0.9651162791,"0.039":0.9651162791,"0.0395":0.9651162791,"0.04":0.9651162791,"0.0405":0.9651162791,"0.041":0.9651162791,"0.0415":0.9651162791,"0.042":0.9651162791,"0.0425":0.9651162791,"0.043":0.9651162791,"0.0435":0.9651162791,"0.044":0.9651162791,"0.0445":0.9651162791,"0.045":0.9651162791,"0.0455":0.9651162791,"0.046":0.9651162791,"0.0465":0.9651162791,"0.047":0.9651162791,"0.0475":0.9651162791,"0.048":0.9651162791,"0.0485":0.9651162791,"0.049":0.9651162791,"0.0495":0.9651162791,"0.05":0.9651162791}}