{"beatport_key\/1.0":{"0.0":0.0,"1.0":0.0,"2.0":0.0,"3.0":0.0,"4.0":0.0,"5.0":0.0,"6.0":0.0,"7.0":0.0,"8.0":0.0,"9.0":0.0,"10.0":0.0,"11.0":0.0,"12.0":0.0,"13.0":0.0,"14.0":0.0,"15.0":0.0,"16.0":0.0,"17.0":0.0,"18.0":0.0,"19.0":0.0,"20.0":0.0,"21.0":0.0,"22.0":0.0,"23.0":0.0,"24.0":0.0,"25.0":0.0,"26.0":0.0,"27.0":0.0,"28.0":0.0,"29.0":0.0,"30.0":0.0,"31.0":0.0,"32.0":0.0,"33.0":0.0,"34.0":0.0,"35.0":0.0,"36.0":0.0,"37.0":0.0,"38.0":0.0,"39.0":0.0,"40.0":0.0,"41.0":0.0,"42.0":0.0,"43.0":0.0,"44.0":0.0,"45.0":0.0,"46.0":0.0,"47.0":0.0,"48.0":0.0,"49.0":0.0,"50.0":0.0,"51.0":0.0,"52.0":0.0,"53.0":0.0,"54.0":0.0,"55.0":0.0,"56.0":-0.0220263063,"57.0":-0.0220263063,"58.0":-0.0215912026,"59.0":-0.0215912026,"60.0":-0.016193402,"61.0":-0.016193402,"62.0":-0.016193402,"63.0":-0.016193402,"64.0":-0.0173385369,"65.0":-0.0173385369,"66.0":-0.0173385369,"67.0":-0.0162042742,"68.0":-0.0162042742,"69.0":-0.0164760561,"70.0":-0.0149955795,"71.0":-0.0149955795,"72.0":-0.013632345,"73.0":-0.013632345,"74.0":-0.0150362133,"75.0":-0.0154889467,"76.0":-0.0123197858,"77.0":0.0018708142,"78.0":-0.0006790381,"79.0":-0.0007847053,"80.0":-0.0031912166,"81.0":-0.0032563435,"82.0":-0.0039755374,"83.0":-0.0181071268,"84.0":-0.017766402,"85.0":-0.016538868,"86.0":-0.0162882791,"87.0":-0.0162882791,"88.0":-0.0161062019,"89.0":-0.0160850508,"90.0":-0.0101209503,"91.0":-0.0100697064,"92.0":-0.0204378709,"93.0":-0.0207032978,"94.0":-0.020101164,"95.0":-0.0193775528,"96.0":-0.0194957086,"97.0":-0.0255245542,"98.0":-0.0325505124,"99.0":-0.0285371303,"100.0":-0.0296066891,"101.0":-0.0305672188,"102.0":-0.0300401978,"103.0":-0.0321681187,"104.0":-0.016767903,"105.0":-0.0156894917,"106.0":-0.0371559537,"107.0":-0.0349934126,"108.0":-0.0335888382,"109.0":-0.046271432,"110.0":-0.0324069433,"111.0":-0.0373629703,"112.0":-0.0338147543,"113.0":-0.0235794616,"114.0":-0.0216116829,"115.0":-0.0185301442,"116.0":-0.016237817,"117.0":-0.0148654485,"118.0":-0.0106663175,"119.0":-0.0104845531,"120.0":-0.0119195683,"121.0":-0.0119073653,"122.0":-0.0118271781,"123.0":-0.0117387298,"124.0":-0.0116335349,"125.0":-0.0114390881,"126.0":-0.0114323867,"127.0":-0.0086890219,"128.0":-0.0087009413,"129.0":-0.0087189897,"130.0":-0.0068584574,"131.0":-0.0070012897,"132.0":-0.0062275953,"133.0":-0.006356731,"134.0":-0.0063674132,"135.0":-0.0062197494,"136.0":-0.0061646131,"137.0":-0.0062274621,"138.0":-0.0061829994,"139.0":-0.0070854525,"140.0":-0.007003036,"141.0":-0.0052118576,"142.0":-0.0050539297,"143.0":-0.0050307343,"144.0":-0.0050639947,"145.0":-0.0048474017,"146.0":-0.0048587641,"147.0":-0.0044535054,"148.0":-0.0048016789,"149.0":-0.0045793913,"150.0":-0.0017186598,"151.0":0.0012618605,"152.0":0.0015300046,"153.0":-0.0014662806,"154.0":0.0059310112,"155.0":0.0075993376,"156.0":0.0146633009,"157.0":0.0153460445,"158.0":0.0168280346,"159.0":0.0188850727,"160.0":0.0177524644,"161.0":0.0357701285,"162.0":0.038438139,"163.0":0.0408405226,"164.0":0.0370324241,"165.0":0.0286260981,"166.0":0.0286260981,"167.0":0.0306210408,"168.0":0.0306210408,"169.0":0.0436875928,"170.0":0.0436875928,"171.0":0.0178086809,"172.0":0.0178086809,"173.0":0.0178086809,"174.0":0.0178086809,"175.0":-0.0127072448,"176.0":-0.0134946518,"177.0":-0.0134946518,"178.0":-0.0150884922,"179.0":-0.0150884922,"180.0":-0.0140133409,"181.0":-0.0186874749,"182.0":-0.0186874749,"183.0":-0.0186874749,"184.0":-0.0186874749,"185.0":-0.0174787189,"186.0":-0.0192221836,"187.0":-0.0192221836,"188.0":-0.0192221836,"189.0":-0.0192221836,"190.0":-0.0192221836,"191.0":-0.0192221836,"192.0":-0.0192221836,"193.0":-0.0192221836,"194.0":-0.0192221836,"195.0":-0.0192221836,"196.0":-0.0192221836,"197.0":-0.0192221836,"198.0":-0.0192221836,"199.0":-0.0074174716,"200.0":-0.0074174716,"201.0":-0.0074174716,"202.0":-0.0074174716,"203.0":-0.0074174716,"204.0":-0.0074174716,"205.0":-0.0074174716,"206.0":0.0,"207.0":0.0,"208.0":0.0,"209.0":0.0,"210.0":0.0,"211.0":0.0,"212.0":0.0,"213.0":0.0,"214.0":0.0,"215.0":0.0,"216.0":0.0,"217.0":0.0,"218.0":0.0,"219.0":0.0,"220.0":0.0,"221.0":0.0,"222.0":0.0,"223.0":0.0,"224.0":0.0,"225.0":0.0,"226.0":0.0,"227.0":0.0,"228.0":0.0,"229.0":0.0,"230.0":0.0,"231.0":0.0,"232.0":0.0,"233.0":0.0,"234.0":0.0,"235.0":0.0,"236.0":0.0,"237.0":0.0,"238.0":0.0,"239.0":0.0,"240.0":0.0,"241.0":0.0,"242.0":0.0,"243.0":0.0,"244.0":0.0,"245.0":0.0,"246.0":0.0,"247.0":0.0,"248.0":0.0,"249.0":0.0,"250.0":0.0,"251.0":0.0,"252.0":0.0,"253.0":0.0,"254.0":0.0,"255.0":0.0,"256.0":0.0,"257.0":0.0,"258.0":0.0,"259.0":0.0,"260.0":0.0,"261.0":0.0,"262.0":0.0,"263.0":0.0,"264.0":0.0,"265.0":0.0,"266.0":0.0,"267.0":0.0,"268.0":0.0,"269.0":0.0,"270.0":0.0,"271.0":0.0,"272.0":0.0,"273.0":0.0,"274.0":0.0,"275.0":0.0,"276.0":0.0,"277.0":0.0,"278.0":0.0,"279.0":0.0,"280.0":0.0,"281.0":0.0,"282.0":0.0,"283.0":0.0,"284.0":0.0,"285.0":0.0,"286.0":0.0,"287.0":0.0,"288.0":0.0,"289.0":0.0,"290.0":0.0,"291.0":0.0,"292.0":0.0,"293.0":0.0,"294.0":0.0,"295.0":0.0,"296.0":0.0,"297.0":0.0,"298.0":0.0,"299.0":0.0,"300.0":0.0}}