{"beatport_key\/1.0":{"66.0":-0.0160946429,"67.3030303030303":-0.0287690378,"68.60606060606061":-0.0285892788,"69.9090909090909":-0.0159892104,"71.21212121212122":0.0085973228,"72.51515151515152":0.0447364761,"73.81818181818181":0.0919881274,"75.12121212121212":0.1480771729,"76.42424242424242":0.2063538041,"77.72727272727272":0.2595302006,"79.03030303030303":0.3003185422,"80.33333333333333":0.3214310086,"81.63636363636364":0.3157016897,"82.93939393939394":0.2823440811,"84.24242424242425":0.2299565108,"85.54545454545455":0.1678885222,"86.84848484848484":0.1054896587,"88.15151515151516":0.0521094637,"89.45454545454545":0.0167508311,"90.75757575757575":0.0014456237,"92.06060606060606":0.0017696542,"93.36363636363636":0.0130552727,"94.66666666666666":0.0306348289,"95.96969696969697":0.0498406728,"97.27272727272728":0.0662802337,"98.57575757575758":0.0783430951,"99.87878787878788":0.0860342954,"101.18181818181819":0.0893787717,"102.48484848484848":0.088401461,"103.78787878787878":0.0831273004,"105.0909090909091":0.0737232781,"106.39393939393939":0.0611673582,"107.69696969696969":0.0467248484,"109.0":0.0316613929,"110.30303030303031":0.0172426358,"111.6060606060606":0.0047341665,"112.9090909090909":-0.0049182265,"114.21212121212122":-0.0118416908,"115.51515151515152":-0.0163881343,"116.81818181818181":-0.0189094651,"118.12121212121212":-0.0197575911,"119.42424242424242":-0.0192844393,"120.72727272727272":-0.0178445946,"122.03030303030303":-0.0157980173,"123.33333333333333":-0.0135053164,"124.63636363636363":-0.0113271008,"125.93939393939394":-0.0096239793,"127.24242424242425":-0.0087483391,"128.54545454545456":-0.0087540879,"129.84848484848484":-0.0093192062,"131.15151515151516":-0.0100977041,"132.45454545454544":-0.0107435915,"133.75757575757575":-0.0109108786,"135.06060606060606":-0.0102833507,"136.36363636363637":-0.0090117614,"137.66666666666666":-0.0076176283,"138.96969696969697":-0.0066326816,"140.27272727272725":-0.0065886517,"141.57575757575756":-0.008017269,"142.87878787878788":-0.0113230496,"144.1818181818182":-0.0158559701,"145.4848484848485":-0.0204445852,"146.78787878787878":-0.0239137439,"148.0909090909091":-0.0250882954,"149.39393939393938":-0.0227930884,"150.6969696969697":-0.016575627,"152.0":-0.0094331389,"153.3030303030303":-0.0053910826,"154.60606060606062":-0.0084750931,"155.9090909090909":-0.0227108051,"157.2121212121212":-0.0521197892,"158.5151515151515":-0.0972551908,"159.8181818181818":-0.1488811394,"161.12121212121212":-0.1960471116,"162.42424242424244":-0.227802584,"163.72727272727272":-0.2331970331,"165.03030303030303":-0.2014304541,"166.33333333333331":-0.1339225338,"167.63636363636363":-0.0531378499,"168.93939393939394":0.0163782527,"170.24242424242425":0.0500804289,"171.54545454545456":0.0234233335,"172.84848484848484":-0.0870127146,"174.15151515151513":-0.2747975219,"175.45454545454544":-0.5012699771,"176.75757575757575":-0.7261662172,"178.06060606060606":-0.9092223794,"179.36363636363637":-1.0101746007,"180.66666666666666":-0.9924611139,"181.96969696969697":-0.8657699218,"183.27272727272725":-0.6712276346,"184.57575757575756":-0.450561653,"185.87878787878788":-0.2454993777,"187.1818181818182":-0.0977682097,"188.4848484848485":-0.0441390189,"189.78787878787878":-0.0873968424,"191.0909090909091":-0.2160712723,"192.39393939393938":-0.4186431303,"193.6969696969697":-0.6835932379,"195.0":-0.9994024167},"beatport_key\/1.0_lowerci":{"66.0":-0.2195353505,"67.3030303030303":-0.1569633964,"68.60606060606061":-0.1559711103,"69.9090909090909":-0.1457226096,"71.21212121212122":-0.1166573413,"72.51515151515152":-0.08034449,"73.81818181818181":-0.0367641691,"75.12121212121212":0.023591876,"76.42424242424242":0.0951427306,"77.72727272727272":0.1641136101,"79.03030303030303":0.215225648,"80.33333333333333":0.2387022604,"81.63636363636364":0.2346354211,"82.93939393939394":0.2095931511,"84.24242424242425":0.1709796199,"85.54545454545455":0.1227886014,"86.84848484848484":0.0672666812,"88.15151515151516":0.012544573,"89.45454545454545":-0.0243466209,"90.75757575757575":-0.0381004277,"92.06060606060606":-0.0375312679,"93.36363636363636":-0.0310156573,"94.66666666666666":-0.0211455404,"95.96969696969697":-0.007458369,"97.27272727272728":0.0096293767,"98.57575757575758":0.0269299537,"99.87878787878788":0.039112369,"101.18181818181819":0.0417502701,"102.48484848484848":0.0357674565,"103.78787878787878":0.026322876,"105.0909090909091":0.0177522729,"106.39393939393939":0.0097112838,"107.69696969696969":-0.0005657424,"109.0":-0.015112383,"110.30303030303031":-0.0321660206,"111.6060606060606":-0.0464720895,"112.9090909090909":-0.0535511888,"114.21212121212122":-0.0542060081,"115.51515151515152":-0.0513969874,"116.81818181818181":-0.0486133815,"118.12121212121212":-0.047805264,"119.42424242424242":-0.0470568149,"120.72727272727272":-0.0435365446,"122.03030303030303":-0.0375650106,"123.33333333333333":-0.0310839472,"124.63636363636363":-0.0264039484,"125.93939393939394":-0.0243072982,"127.24242424242425":-0.0232865144,"128.54545454545456":-0.0229254308,"129.84848484848484":-0.024945995,"131.15151515151516":-0.0294980856,"132.45454545454544":-0.0343873762,"133.75757575757575":-0.0371441002,"135.06060606060606":-0.0359779216,"136.36363636363637":-0.0318367416,"137.66666666666666":-0.0278766305,"138.96969696969697":-0.0268022163,"140.27272727272725":-0.028666228,"141.57575757575756":-0.0317250358,"142.87878787878788":-0.0354648695,"144.1818181818182":-0.0417685623,"145.4848484848485":-0.0512017035,"146.78787878787878":-0.0608351144,"148.0909090909091":-0.0667433675,"149.39393939393938":-0.0662685568,"150.6969696969697":-0.0611735947,"152.0":-0.0606151309,"153.3030303030303":-0.069306652,"154.60606060606062":-0.0862533658,"155.9090909090909":-0.1101377811,"157.2121212121212":-0.1413726622,"158.5151515151515":-0.1818673299,"159.8181818181818":-0.2312718696,"161.12121212121212":-0.2847135797,"162.42424242424244":-0.3278533385,"163.72727272727272":-0.3413035937,"165.03030303030303":-0.3074793064,"166.33333333333331":-0.2302318165,"167.63636363636363":-0.1451764141,"168.93939393939394":-0.0834416412,"170.24242424242425":-0.0608621283,"171.54545454545456":-0.0885980654,"172.84848484848484":-0.1833048493,"174.15151515151513":-0.3601663343,"175.45454545454544":-0.6205273529,"176.75757575757575":-0.9078896923,"178.06060606060606":-1.1529318813,"179.36363636363637":-1.2978938755,"180.66666666666666":-1.2947397089,"181.96969696969697":-1.156954383,"183.27272727272725":-0.9394018221,"184.57575757575756":-0.6974153799,"185.87878787878788":-0.4812830091,"187.1818181818182":-0.330628005,"188.4848484848485":-0.2715833671,"189.78787878787878":-0.3011161911,"191.0909090909091":-0.4109236963,"192.39393939393938":-0.6004068959,"193.6969696969697":-0.8746064872,"195.0":-1.231635658},"beatport_key\/1.0_upperci":{"66.0":0.1873460647,"67.3030303030303":0.0994253208,"68.60606060606061":0.0987925527,"69.9090909090909":0.1137441888,"71.21212121212122":0.1338519868,"72.51515151515152":0.1698174423,"73.81818181818181":0.2207404239,"75.12121212121212":0.2725624699,"76.42424242424242":0.3175648776,"77.72727272727272":0.3549467911,"79.03030303030303":0.3854114364,"80.33333333333333":0.4041597567,"81.63636363636364":0.3967679582,"82.93939393939394":0.3550950111,"84.24242424242425":0.2889334018,"85.54545454545455":0.2129884431,"86.84848484848484":0.1437126363,"88.15151515151516":0.0916743545,"89.45454545454545":0.0578482832,"90.75757575757575":0.040991675,"92.06060606060606":0.0410705764,"93.36363636363636":0.0571262027,"94.66666666666666":0.0824151983,"95.96969696969697":0.1071397147,"97.27272727272728":0.1229310907,"98.57575757575758":0.1297562365,"99.87878787878788":0.1329562219,"101.18181818181819":0.1370072733,"102.48484848484848":0.1410354655,"103.78787878787878":0.1399317247,"105.0909090909091":0.1296942832,"106.39393939393939":0.1126234327,"107.69696969696969":0.0940154393,"109.0":0.0784351687,"110.30303030303031":0.0666512921,"111.6060606060606":0.0559404225,