{"OE1_MEAN":{"beatport_key\/1.0":-0.0046108129},"OE1_STDEV":{"beatport_key\/1.0":0.1348883793},"OE2_MEAN":{"beatport_key\/1.0":-0.0097787716},"OE2_STDEV":{"beatport_key\/1.0":0.0597278364}}