{"beatport_key\/1.0":{"0.0":1.0,"1.0":1.0,"2.0":1.0,"3.0":1.0,"4.0":1.0,"5.0":1.0,"6.0":1.0,"7.0":1.0,"8.0":1.0,"9.0":1.0,"10.0":1.0,"11.0":1.0,"12.0":1.0,"13.0":1.0,"14.0":1.0,"15.0":1.0,"16.0":1.0,"17.0":1.0,"18.0":1.0,"19.0":1.0,"20.0":1.0,"21.0":1.0,"22.0":1.0,"23.0":1.0,"24.0":1.0,"25.0":1.0,"26.0":1.0,"27.0":1.0,"28.0":1.0,"29.0":1.0,"30.0":1.0,"31.0":1.0,"32.0":1.0,"33.0":1.0,"34.0":1.0,"35.0":1.0,"36.0":1.0,"37.0":1.0,"38.0":1.0,"39.0":1.0,"40.0":1.0,"41.0":1.0,"42.0":1.0,"43.0":1.0,"44.0":1.0,"45.0":1.0,"46.0":1.0,"47.0":1.0,"48.0":1.0,"49.0":1.0,"50.0":1.0,"51.0":1.0,"52.0":1.0,"53.0":1.0,"54.0":1.0,"55.0":1.0,"56.0":1.0,"57.0":1.0,"58.0":1.0,"59.0":1.0,"60.0":1.0,"61.0":1.0,"62.0":1.0,"63.0":1.0,"64.0":1.0,"65.0":1.0,"66.0":1.0,"67.0":1.0,"68.0":1.0,"69.0":1.0,"70.0":1.0,"71.0":1.0,"72.0":1.0,"73.0":1.0,"74.0":1.0,"75.0":1.0,"76.0":1.0,"77.0":0.9677419355,"78.0":0.9722222222,"79.0":0.9743589744,"80.0":0.98,"81.0":0.9795918367,"82.0":0.9821428571,"83.0":0.9491525424,"84.0":0.9508196721,"85.0":0.9538461538,"86.0":0.9545454545,"87.0":0.9545454545,"88.0":0.9558823529,"89.0":0.9565217391,"90.0":0.9459459459,"91.0":0.9459459459,"92.0":0.9230769231,"93.0":0.9220779221,"94.0":0.925,"95.0":0.9268292683,"96.0":0.9230769231,"97.0":0.9066666667,"98.0":0.9130434783,"99.0":0.8923076923,"100.0":0.8852459016,"101.0":0.8771929825,"102.0":0.8793103448,"103.0":0.8679245283,"104.0":0.9038461538,"105.0":0.9122807018,"106.0":0.8644067797,"107.0":0.873015873,"108.0":0.8787878788,"109.0":0.8484848485,"110.0":0.898989899,"111.0":0.90625,"112.0":0.9150943396,"113.0":0.9426229508,"114.0":0.9517241379,"115.0":0.9619565217,"116.0":0.9686098655,"117.0":0.9732824427,"118.0":0.9836512262,"119.0":0.9843342037,"120.0":0.9856801909,"121.0":0.9858823529,"122.0":0.9859484778,"123.0":0.9861431871,"124.0":0.9864864865,"125.0":0.9868708972,"126.0":0.9871520343,"127.0":0.9935344828,"128.0":0.9936708861,"129.0":0.9936708861,"130.0":0.9981096408,"131.0":0.9979879276,"132.0":0.996131528,"133.0":0.9960861057,"134.0":0.995991984,"135.0":0.9959349593,"136.0":0.9955654102,"137.0":0.9951100244,"138.0":0.9946524064,"139.0":0.9925093633,"140.0":0.9924242424,"141.0":0.9956140351,"142.0":0.9954954955,"143.0":0.9953271028,"144.0":0.9951923077,"145.0":0.9948717949,"146.0":0.9944751381,"147.0":0.993902439,"148.0":0.9938650307,"149.0":0.9932432432,"150.0":0.9863013699,"151.0":0.9772727273,"152.0":0.976744186,"153.0":0.9841269841,"154.0":0.9661016949,"155.0":0.9622641509,"156.0":0.9459459459,"157.0":0.9444444444,"158.0":0.9411764706,"159.0":0.935483871,"160.0":0.9393939394,"161.0":0.8888888889,"162.0":0.8823529412,"163.0":0.875,"164.0":0.8823529412,"165.0":0.9,"166.0":0.9,"167.0":0.8947368421,"168.0":0.8947368421,"169.0":0.8666666667,"170.0":0.8666666667,"171.0":0.9285714286,"172.0":0.9285714286,"173.0":0.9285714286,"174.0":0.9285714286,"175.0":1.0,"176.0":1.0,"177.0":1.0,"178.0":1.0,"179.0":1.0,"180.0":1.0,"181.0":1.0,"182.0":1.0,"183.0":1.0,"184.0":1.0,"185.0":1.0,"186.0":1.0,"187.0":1.0,"188.0":1.0,"189.0":1.0,"190.0":1.0,"191.0":1.0,"192.0":1.0,"193.0":1.0,"194.0":1.0,"195.0":1.0,"196.0":1.0,"197.0":1.0,"198.0":1.0,"199.0":1.0,"200.0":1.0,"201.0":1.0,"202.0":1.0,"203.0":1.0,"204.0":1.0,"205.0":1.0,"206.0":1.0,"207.0":1.0,"208.0":1.0,"209.0":1.0,"210.0":1.0,"211.0":1.0,"212.0":1.0,"213.0":1.0,"214.0":1.0,"215.0":1.0,"216.0":1.0,"217.0":1.0,"218.0":1.0,"219.0":1.0,"220.0":1.0,"221.0":1.0,"222.0":1.0,"223.0":1.0,"224.0":1.0,"225.0":1.0,"226.0":1.0,"227.0":1.0,"228.0":1.0,"229.0":1.0,"230.0":1.0,"231.0":1.0,"232.0":1.0,"233.0":1.0,"234.0":1.0,"235.0":1.0,"236.0":1.0,"237.0":1.0,"238.0":1.0,"239.0":1.0,"240.0":1.0,"241.0":1.0,"242.0":1.0,"243.0":1.0,"244.0":1.0,"245.0":1.0,"246.0":1.0,"247.0":1.0,"248.0":1.0,"249.0":1.0,"250.0":1.0,"251.0":1.0,"252.0":1.0,"253.0":1.0,"254.0":1.0,"255.0":1.0,"256.0":1.0,"257.0":1.0,"258.0":1.0,"259.0":1.0,"260.0":1.0,"261.0":1.0,"262.0":1.0,"263.0":1.0,"264.0":1.0,"265.0":1.0,"266.0":1.0,"267.0":1.0,"268.0":1.0,"269.0":1.0,"270.0":1.0,"271.0":1.0,"272.0":1.0,"273.0":1.0,"274.0":1.0,"275.0":1.0,"276.0":1.0,"277.0":1.0,"278.0":1.0,"279.0":1.0,"280.0":1.0,"281.0":1.0,"282.0":1.0,"283.0":1.0,"284.0":1.0,"285.0":1.0,"286.0":1.0,"287.0":1.0,"288.0":1.0,"289.0":1.0,"290.0":1.0,"291.0":1.0,"292.0":1.0,"293.0":1.0,"294.0":1.0,"295.0":1.0,"296.0":1.0,"297.0":1.0,"298.0":1.0,"299.0":1.0,"300.0":1.0}}