{"Accuracy1":{"beatport_key\/1.0":0.9651162791},"Accuracy2":{"beatport_key\/1.0":0.9780361757}}