{"beatport_key\/1.0":{"66.0":0.0315730467,"67.3030303030303":0.0084032017,"68.60606060606061":0.0021840108,"69.9090909090909":0.0114694111,"71.21212121212122":0.0348133399,"72.51515151515152":0.0707697344,"73.81818181818181":0.117887368,"75.12121212121212":0.1732056786,"76.42424242424242":0.2301657578,"77.72727272727272":0.2816839103,"79.03030303030303":0.3206764407,"80.33333333333333":0.340059654,"81.63636363636364":0.3328706486,"82.93939393939394":0.2984675024,"84.24242424242425":0.2455071743,"85.54545454545455":0.1833909583,"86.84848484848484":0.1215201485,"88.15151515151516":0.0692960392,"89.45454545454545":0.035757375,"90.75757575757575":0.0226521275,"92.06060606060606":0.0249760971,"93.36363636363636":0.0374704542,"94.66666666666666":0.0548763694,"95.96969696969697":0.0719350129,"97.27272727272728":0.0837795543,"98.57575757575758":0.0895078443,"99.87878787878788":0.0905198212,"101.18181818181819":0.0882437796,"102.48484848484848":0.0841080141,"103.78787878787878":0.0795408193,"105.0909090909091":0.0757616998,"106.39393939393939":0.0727981697,"107.69696969696969":0.070255399,"109.0":0.0677380633,"110.30303030303031":0.0648508378,"111.6060606060606":0.0611984218,"112.9090909090909":0.0565252486,"114.21212121212122":0.0510445593,"115.51515151515152":0.0450678022,"116.81818181818181":0.0389064254,"118.12121212121212":0.0328718772,"119.42424242424242":0.0272749755,"120.72727272727272":0.0223378878,"122.03030303030303":0.0181034911,"123.33333333333333":0.0145930342,"124.63636363636363":0.0118277653,"125.93939393939394":0.0098289332,"127.24242424242425":0.0086153782,"128.54545454545456":0.0081185172,"129.84848484848484":0.0081596599,"131.15151515151516":0.0085530947,"132.45454545454544":0.0091131103,"133.75757575757575":0.0096539952,"135.06060606060606":0.0100046755,"136.36363636363637":0.0102236338,"137.66666666666666":0.0105516167,"138.96969696969697":0.0112343914,"140.27272727272725":0.012517725,"141.57575757575756":0.0146473846,"142.87878787878788":0.017784746,"144.1818181818182":0.0213916233,"145.4848484848485":0.0245839295,"146.78787878787878":0.0264751193,"148.0909090909091":0.0261786472,"149.39393939393938":0.0228079678,"150.6969696969697":0.0161281694,"152.0":0.009015031,"153.3030303030303":0.0052715096,"154.60606060606062":0.0087007211,"155.9090909090909":0.0231057815,"157.2121212121212":0.0522859113,"158.5151515151515":0.0967159263,"159.8181818181818":0.1474880991,"161.12121212121212":0.1940512472,"162.42424242424244":0.2258541886,"163.72727272727272":0.2323457408,"165.03030303030303":0.2031193109,"166.33333333333331":0.1395066294,"167.63636363636363":0.0630553006,"168.93939393939394":-0.0026882712,"170.24242424242425":-0.0341776815,"171.54545454545456":-0.0078665261,"172.84848484848484":0.0987092635,"174.15151515151513":0.2793128264,"175.45454545454544":0.4967169784,"176.75757575757575":0.7121534747,"178.06060606060606":0.8868540707,"179.36363636363637":0.9820505217,"180.66666666666666":0.9625575831,"181.96969696969697":0.8379519367,"183.27272727272725":0.6482374992,"184.57575757575756":0.4339996509,"185.87878787878788":0.2358237718,"187.1818181818182":0.0942952421,"188.4848484848485":0.0451693937,"189.78787878787878":0.0910829863,"191.0909090909091":0.2207811098,"192.39393939393938":0.4229613284,"193.6969696969697":0.6863212058,"195.0":0.9995583061},"beatport_key\/1.0_lowerci":{"66.0":-0.1684515744,"67.3030303030303":-0.1176385739,"68.60606060606061":-0.1230588812,"69.9090909090909":-0.1160855621,"71.21212121212122":-0.0883381032,"72.51515151515152":-0.0522109274,"73.81818181818181":-0.0087029768,"75.12121212121212":0.0508106838,"76.42424242424242":0.1208220916,"77.72727272727272":0.187869513,"79.03030303030303":0.2370123888,"80.33333333333333":0.2587200505,"81.63636363636364":0.253165609,"82.93939393939394":0.2269381739,"84.24242424242425":0.1875205972,"85.54545454545455":0.1390483354,"86.84848484848484":0.0839389944,"88.15151515151516":0.0303955046,"89.45454545454545":-0.0046499868,"90.75757575757575":-0.0162298841,"92.06060606060606":-0.0136649013,"93.36363636363636":-0.0058604562,"94.66666666666666":0.0039654731,"95.96969696969697":0.0155981112,"97.27272727272728":0.0280799535,"98.57575757575758":0.0389580097,"99.87878787878788":0.0443857871,"101.18181818181819":0.0414150347,"102.48484848484848":0.0323578165,"103.78787878787878":0.0236902298,"105.0909090909091":0.0207305351,"106.39393939393939":0.0222061229,"107.69696969696969":0.0237588909,"109.0":0.021749692,"110.30303030303031":0.0162718297,"111.6060606060606":0.0108519987,"112.9090909090909":0.0087089096,"114.21212121212122":0.0093916049,"115.51515151515152":0.0106468023,"116.81818181818181":0.009701284,"118.12121212121212":0.0052951683,"119.42424242424242":-0.0000310586,"120.72727272727272":-0.0029226544,"122.03030303030303":-0.0032980004,"123.33333333333333":-0.002690424,"124.63636363636363":-0.0029959185,"125.93939393939394":-0.0046078298,"127.24242424242425":-0.0056786785,"128.54545454545456":-0.0058148667,"129.84848484848484":-0.0072047308,"131.15151515151516":-0.0105215241,"132.45454545454544":-0.0141336584,"133.75757575757575":-0.0161387297,"135.06060606060606":-0.0152584436,"136.36363636363637":-0.0122180794,"137.66666666666666":-0.0093672053,"138.96969696969697":-0.0085964654,"140.27272727272725":-0.0091891343,"141.57575757575756":-0.0086622918,"142.87878787878788":-0.0059516951,"144.1818181818182":-0.0040858561,"145.4848484848485":-0.0056567289,"146.78787878787878":-0.0098262839,"148.0909090909091":-0.0147769714,"149.39393939393938":-0.0199374797,"150.6969696969697":-0.0277209289,"152.0":-0.0413075356,"153.3030303030303":-0.0575708178,"154.60606060606062":-0.0677715332,"155.9090909090909":-0.0628531593,"157.2121212121212":-0.035468267,"158.5151515151515":0.0135245569,"159.8181818181818":0.0664808377,"161.12121212121212":0.1068736274,"162.42424242424244":0.1274834421,"163.72727272727272":0.1260544579,"165.03030303030303":0.0988511841,"166.33333333333331":0.0448145297,"167.63636363636363":-0.0274377927,"168.93939393939394":-0.1008320335,"170.24242424242425":-0.1432573403,"171.54545454545456":-0.1180069112,"172.84848484848484":0.0040340238,"174.15151515151513":0.1953774894,"175.45454545454544":0.3794621198,"176.75757575757575":0.53348142,"178.06060606060606":0.6472368312,"179.36363636363637":0.6991625019,"180.66666666666666":0.6653547167,"181.96969696969697":0.5516569163,"183.27272727272725":0.3845663743,"184.57575757575756":0.1912909826,"185.87878787878788":0.003999315,"187.1818181818182":-0.1346544743,"188.4848484848485":-0.1784558095,"189.78787878787878":-0.1190476815,"191.0909090909091":0.0292005617,"192.39393939393938":0.2442496596,"193.6969696969697":0.4985153666,"195.0":0.7712246229},"beatport_key\/1.0_upperci":{"66.0":0.2315976678,"67.3030303030303":0.1344449773,"68.60606060606061":0.1274269028,"69.9090909090909":0.1390243843,"71.21212121212122":0.157964783,"72.51515151515152":0.1937503961,"73.81818181818181":0.2444777128,"75.12121212121212":0.2956006735,"76.42424242424242":0.3395094241,"77.72727272727272":0.3754983075,"79.03030303030303":0.4043404927,"80.33333333333333":0.4213992576,"81.63636363636364":0.4125756882,"82.93939393939394":0.369996831,"84.24242424242425":0.3034937514,"85.54545454545455":0.2277335812,"86.84848484848484":0.1591013027,"88.15151515151516":0.1081965738,"89.45454545454545":0.0761647368,"90.75757575757575":0.061534139,"92.06060606060606":0.0636170955,"93.36363636363636":0.0808013647,"94.66666666666666":0.1057872656,"95.96969696969697":0.1282719145,"97.27272727272728":0.1394791551,"98.57575757575758":0.140057679,"99.87878787878788":0.1366538554,"101.18181818181819":0.1350725244,"102.48484848484848":0.1358582116,"103.78787878787878":0.1353914089,"105.0909090909091":0.1307928646,"106.39393939393939":0.1233902164,"107.69696969696969":0.1167519071,"109.0":0.1137264346,"110.30303030303031":0.1134298458,"111.6060606060606":0.111544845,"112.9090909090909":0.1043415876,"114.21212121212122":0.0926975137,"115.51515151515152":0.0794888021,