Reference,Size,Min,Max,Avg,Stdev,Sweet Oct. Start,Sweet Oct. Coverage
beatport_key/1.0,774,66.0,195.0,126.36434108527132,17.2341479298885,83.0,0.9702842377260982
