{"beatport_key\/1.0":{"0.0":0.0,"1.0":0.0,"2.0":0.0,"3.0":0.0,"4.0":0.0,"5.0":0.0,"6.0":0.0,"7.0":0.0,"8.0":0.0,"9.0":0.0,"10.0":0.0,"11.0":0.0,"12.0":0.0,"13.0":0.0,"14.0":0.0,"15.0":0.0,"16.0":0.0,"17.0":0.0,"18.0":0.0,"19.0":0.0,"20.0":0.0,"21.0":0.0,"22.0":0.0,"23.0":0.0,"24.0":0.0,"25.0":0.0,"26.0":0.0,"27.0":0.0,"28.0":0.0,"29.0":0.0,"30.0":0.0,"31.0":0.0,"32.0":0.0,"33.0":0.0,"34.0":0.0,"35.0":0.0,"36.0":0.0,"37.0":0.0,"38.0":0.0,"39.0":0.0,"40.0":0.0,"41.0":0.0,"42.0":0.0,"43.0":0.0,"44.0":0.0,"45.0":0.0,"46.0":0.0,"47.0":0.0,"48.0":0.0,"49.0":0.0,"50.0":0.0,"51.0":0.0,"52.0":0.0,"53.0":0.0,"54.0":0.0,"55.0":0.0,"56.0":0.0,"57.0":0.0,"58.0":-0.0071245503,"59.0":-0.0071245503,"60.0":-0.0053434127,"61.0":-0.0053434127,"62.0":-0.0053434127,"63.0":-0.0053434127,"64.0":-0.0035622751,"65.0":-0.0035622751,"66.0":-0.0035622751,"67.0":-0.0030533787,"68.0":-0.0030533787,"69.0":-0.0026717063,"70.0":-0.0021373651,"71.0":-0.0021373651,"72.0":-0.0019430592,"73.0":-0.0019430592,"74.0":-0.0027608316,"75.0":-0.0021500869,"76.0":-0.000567131,"77.0":-0.0067299073,"78.0":0.0029189017,"79.0":0.0036568924,"80.0":0.0025299828,"81.0":0.0025816151,"82.0":0.001977354,"83.0":-0.0120172842,"84.0":-0.0116232748,"85.0":-0.0109079964,"86.0":-0.0107427237,"87.0":-0.0107427237,"88.0":-0.0104267613,"89.0":-0.0102756488,"90.0":-0.0145506966,"91.0":-0.0147446871,"92.0":-0.0244500853,"93.0":-0.0247676189,"94.0":-0.0238388332,"95.0":-0.0279972987,"96.0":-0.0294324176,"97.0":-0.0365381051,"98.0":-0.0368890131,"99.0":-0.0390733996,"100.0":-0.0419005847,"101.0":-0.0519156568,"102.0":-0.0510205593,"103.0":-0.0557782861,"104.0":-0.0406039729,"105.0":-0.0370422209,"106.0":-0.0640656247,"107.0":-0.0663258195,"108.0":-0.0633110095,"109.0":-0.0760112247,"110.0":-0.0503113425,"111.0":-0.0525010548,"112.0":-0.0474126978,"113.0":-0.034506116,"114.0":-0.0290327321,"115.0":-0.0229420333,"116.0":-0.0170582042,"117.0":-0.0144326294,"118.0":-0.0105448417,"119.0":-0.0100170633,"120.0":-0.0099184099,"121.0":-0.0097783853,"122.0":-0.0087504387,"123.0":-0.0086291855,"124.0":-0.0083865164,"125.0":-0.0082263253,"126.0":-0.008072972,"127.0":-0.0045067247,"128.0":-0.0035706023,"129.0":-0.0035925783,"130.0":-0.0016345329,"131.0":-0.001812044,"132.0":-0.0009160072,"133.0":-0.0009070881,"134.0":-0.0009289019,"135.0":-0.000942118,"136.0":-0.0010020711,"137.0":-0.0011328578,"138.0":-0.0012993836,"139.0":0.0000830616,"140.0":-0.0000425918,"141.0":-0.0000913609,"142.0":-0.0000938301,"143.0":-0.0001415449,"144.0":-0.0001456279,"145.0":-0.0001553364,"146.0":-0.0001080895,"147.0":-0.0000543717,"148.0":-0.0001190756,"149.0":-0.0001311441,"150.0":-0.0000615939,"151.0":-0.0001021899,"152.0":-0.0001045664,"153.0":-0.0001427415,"154.0":-0.00032282,"155.0":-0.0003603655,"156.0":-0.0005161992,"157.0":-0.0005305381,"158.0":-0.0005617462,"159.0":-0.0006161087,"160.0":-0.0005787688,"161.0":-0.0010610761,"162.0":-0.0005596072,"163.0":-0.0005945826,"164.0":0.0023847847,"165.0":0.0024380923,"166.0":0.0024380923,"167.0":0.002566413,"168.0":0.002566413,"169.0":0.0032507898,"170.0":0.0032507898,"171.0":0.003482989,"172.0":0.003482989,"173.0":0.003482989,"174.0":0.003482989,"175.0":0.0040634872,"176.0":0.0048814839,"177.0":0.0048814839,"178.0":0.0071989535,"179.0":0.0071989535,"180.0":0.0079188488,"181.0":0.0113126412,"182.0":0.0113126412,"183.0":0.0113126412,"184.0":0.0113126412,"185.0":0.007662281,"186.0":0.0188765897,"187.0":0.0188765897,"188.0":0.0188765897,"189.0":0.0188765897,"190.0":0.0188765897,"191.0":0.0188765897,"192.0":0.0188765897,"193.0":0.0188765897,"194.0":0.0188765897,"195.0":0.0188765897,"196.0":0.0188765897,"197.0":0.0188765897,"198.0":0.0188765897,"199.0":0.0073795304,"200.0":0.0073795304,"201.0":0.0073795304,"202.0":0.0073795304,"203.0":0.0073795304,"204.0":0.0073795304,"205.0":0.0073795304,"206.0":0.0,"207.0":0.0,"208.0":0.0,"209.0":0.0,"210.0":0.0,"211.0":0.0,"212.0":0.0,"213.0":0.0,"214.0":0.0,"215.0":0.0,"216.0":0.0,"217.0":0.0,"218.0":0.0,"219.0":0.0,"220.0":0.0,"221.0":0.0,"222.0":0.0,"223.0":0.0,"224.0":0.0,"225.0":0.0,"226.0":0.0,"227.0":0.0,"228.0":0.0,"229.0":0.0,"230.0":0.0,"231.0":0.0,"232.0":0.0,"233.0":0.0,"234.0":0.0,"235.0":0.0,"236.0":0.0,"237.0":0.0,"238.0":0.0,"239.0":0.0,"240.0":0.0,"241.0":0.0,"242.0":0.0,"243.0":0.0,"244.0":0.0,"245.0":0.0,"246.0":0.0,"247.0":0.0,"248.0":0.0,"249.0":0.0,"250.0":0.0,"251.0":0.0,"252.0":0.0,"253.0":0.0,"254.0":0.0,"255.0":0.0,"256.0":0.0,"257.0":0.0,"258.0":0.0,"259.0":0.0,"260.0":0.0,"261.0":0.0,"262.0":0.0,"263.0":0.0,"264.0":0.0,"265.0":0.0,"266.0":0.0,"267.0":0.0,"268.0":0.0,"269.0":0.0,"270.0":0.0,"271.0":0.0,"272.0":0.0,"273.0":0.0,"274.0":0.0,"275.0":0.0,"276.0":0.0,"277.0":0.0,"278.0":0.0,"279.0":0.0,"280.0":0.0,"281.0":0.0,"282.0":0.0,"283.0":0.0,"284.0":0.0,"285.0":0.0,"286.0":0.0,"287.0":0.0,"288.0":0.0,"289.0":0.0,"290.0":0.0,"291.0":0.0,"292.0":0.0,"293.0":0.0,"294.0":0.0,"295.0":0.0,"296.0":0.0,"297.0":0.0,"298.0":0.0,"299.0":0.0,"300.0":0.0}}