{"beatport_key\/1.0":{"66.0":1.0175353719,"67.3030303030303":1.0158466833,"68.60606060606061":1.0140671878,"69.9090909090909":1.0121439936,"71.21212121212122":1.0100242092,"72.51515151515152":1.0076549427,"73.81818181818181":1.0049832998,"75.12121212121212":1.0019555829,"76.42424242424242":0.9985161799,"77.72727272727272":0.9946091992,"79.03030303030303":0.9901787495,"80.33333333333333":0.9851689394,"81.63636363636364":0.9795243583,"82.93939393939394":0.9732147629,"84.24242424242425":0.9662469336,"85.54545454545455":0.9586306145,"86.84848484848484":0.9503755496,"88.15151515151516":0.9414914829,"89.45454545454545":0.9319895889,"90.75757575757575":0.9219098086,"92.06060606060606":0.9113187245,"93.36363636363636":0.9002839237,"94.66666666666666":0.8888729932,"95.96969696969697":0.8771535203,"97.27272727272728":0.8652151294,"98.57575757575758":0.8533703306,"99.87878787878788":0.8420610524,"101.18181818181819":0.8317308172,"102.48484848484848":0.8228231478,"103.78787878787878":0.8157815666,"105.0909090909091":0.8110113831,"106.39393939393939":0.8086997456,"107.69696969696969":0.8089565046,"109.0":0.8118914195,"110.30303030303031":0.8176142501,"111.6060606060606":0.8262347325,"112.9090909090909":0.8377251359,"114.21212121212122":0.851596528,"115.51515151515152":0.8672633625,"116.81818181818181":0.8841400936,"118.12121212121212":0.9016411751,"119.42424242424242":0.9191813471,"120.72727272727272":0.9362156166,"122.03030303030303":0.9522804268,"123.33333333333333":0.9669220454,"124.63636363636363":0.9796867397,"125.93939393939394":0.9901207773,"127.24242424242425":0.9977820062,"128.54545454545456":1.0026486866,"129.84848484848484":1.0052285773,"131.15151515151516":1.0060632002,"132.45454545454544":1.0056940769,"133.75757575757575":1.0046627289,"135.06060606060606":1.0034927561,"136.36363636363637":1.0024266869,"137.66666666666666":1.0014838849,"138.96969696969697":1.0006775665,"140.27272727272725":1.000020948,"141.57575757575756":0.9995272458,"142.87878787878788":0.9992063301,"144.1818181818182":0.9990403351,"145.4848484848485":0.9989976803,"146.78787878787878":0.9990466879,"148.0909090909091":0.9991556801,"149.39393939393938":0.999292979,"150.6969696969697":0.9994310133,"152.0":0.9995618158,"153.3030303030303":0.9996832622,"154.60606060606062":0.9997932293,"155.9090909090909":0.9998895939,"157.2121212121212":0.9999702338,"158.5151515151515":1.0000339655,"159.8181818181818":1.0000822551,"161.12121212121212":1.0001170323,"162.42424242424244":1.0001402272,"163.72727272727272":1.0001537697,"165.03030303030303":1.0001595861,"166.33333333333331":1.0001593122,"167.63636363636363":1.0001540834,"168.93939393939394":1.0001449855,"170.24242424242425":1.0001331043,"171.54545454545456":1.0001195257,"172.84848484848484":1.0001053198,"174.15151515151513":1.0000911371,"175.45454545454544":1.0000771755,"176.75757575757575":1.0000636103,"178.06060606060606":1.0000506167,"179.36363636363637":1.00003837,"180.66666666666666":1.0000270335,"181.96969696969697":1.0000166196,"183.27272727272725":1.0000070385,"184.57575757575756":0.9999981982,"185.87878787878788":0.9999900068,"187.1818181818182":0.9999823726,"188.4848484848485":0.999975206,"189.78787878787878":0.9999684347,"191.0909090909091":0.9999619935,"192.39393939393938":0.9999558171,"193.6969696969697":0.9999498403,"195.0":0.9999439979},"beatport_key\/1.0_lowerci":{"66.0":0.8818968989,"67.3030303030303":0.8915768912,"68.60606060606061":0.9006021766,"69.9090909090909":0.9088013254,"71.21212121212122":0.9160261583,"72.51515151515152":0.922161137,"73.81818181818181":0.9271318258,"75.12121212121212":0.9308946311,"76.42424242424242":0.9334098185,"77.72727272727272":0.9346687921,"79.03030303030303":0.9347056764,"80.33333333333333":0.9335942338,"81.63636363636364":0.9314287536,"82.93939393939394":0.9282613452,"84.24242424242425":0.924063472,"85.54545454545455":0.9187868837,"86.84848484848484":0.9124030943,"88.15151515151516":0.9049262552,"89.45454545454545":0.8964079995,"90.75757575757575":0.8868795904,"92.06060606060606":0.8763624433,"93.36363636363636":0.8649470977,"94.66666666666666":0.8528173041,"95.96969696969697":0.8402294352,"97.27272727272728":0.8274732073,"98.57575757575758":0.8149248318,"99.87878787878788":0.8030122938,"101.18181818181819":0.7921914803,"102.48484848484848":0.7829634,"103.78787878787878":0.7758681208,"105.0909090909091":0.7713965974,"106.39393939393939":0.7696748923,"107.69696969696969":0.7707151424,"109.0":0.7745773774,"110.30303030303031":0.7813878599,"111.6060606060606":0.7913333699,"112.9090909090909":0.8044452787,"114.21212121212122":0.8201304044,"115.51515151515152":0.8376797509,"116.81818181818181":0.856448236,"118.12121212121212":0.8758841206,"119.42424242424242":0.8955176568,"120.72727272727272":0.9148399027,"122.03030303030303":0.9331519769,"123.33333333333333":0.949683913,"124.63636363636363":0.9637358869,"125.93939393939394":0.9748165157,"127.24242424242425":0.9826641614,"128.54545454545456":0.9873728801,"129.84848484848484":0.9893892086,"131.15151515151516":0.98928558,"132.45454545454544":0.9878006696,"133.75757575757575":0.9857687691,"135.06060606060606":0.9839663302,"136.36363636363637":0.9825726009,"137.66666666666666":0.9813292435,"138.96969696969697":0.9800324387,"140.27272727272725":0.9786123965,"141.57575757575756":0.9771169746,"142.87878787878788":0.9755950679,"144.1818181818182":0.9738892773,"145.4848484848485":0.9718265743,"146.78787878787878":0.9693873956,"148.0909090909091":0.9666923286,"149.39393939393938":0.9639298104,"150.6969696969697":0.9612517289,"152.0":0.9586522181,"153.3030303030303":0.9560968171,"154.60606060606062":0.9535894746,"155.9090909090909":0.951175712,"157.2121212121212":0.9489278162,"158.5151515151515":0.946887122,"159.8181818181818":0.944995923,"161.12121212121212":0.9431935691,"162.42424242424244":0.9414437819,"163.72727272727272":0.9397338332,"165.03030303030303":0.9380637211,"166.33333333333331":0.9363967311,"167.63636363636363":0.9346417033,"168.93939393939394":0.9327281476,"170.24242424242425":0.9306194798,"171.54545454545456":0.9283088021,"172.84848484848484":0.9258036765,"174.15151515151513":0.9230680953,"175.45454545454544":0.9200076864,"176.75757575757575":0.9165172636,"178.06060606060606":0.9124920985,"179.36363636363637":0.9078340517,"180.66666666666666":0.9024529552,"181.96969696969697":0.8962520194,"183.27272727272725":0.889152121,"184.57575757575756":0.881114893,"185.87878787878788":0.8721413287,"187.1818181818182":0.8622651403,"188.4848484848485":0.8515418262,"189.78787878787878":0.8400286463,"191.0909090909091":0.8277896636,"192.39393939393938":0.8148998388,"193.6969696969697":0.801442797,"195.0":0.7875085856},"beatport_key\/1.0_upperci":{"66.0":1.153173845,"67.3030303030303":1.1401164754,"68.60606060606061":1.127532199,"69.9090909090909":1.1154866619,"71.21212121212122":1.10402226,"72.51515151515152":1.0931487484,"73.81818181818181":1.0828347738,"75.12121212121212":1.0730165348,"76.42424242424242":1.0636225413,"77.72727272727272":1.0545496063,"79.03030303030303":1.0456518226,"80.33333333333333":1.0367436449,"81.63636363636364":1.0276199629,"82.93939393939394":1.0181681806,"84.24242424242425":1.0084303952,"85.54545454545455":0.9984743454,"86.84848484848484":0.988348005,"88.15151515151516":0.9780567107,"89.45454545454545":0.9675711783,"90.75757575757575":0.9569400269,"92.06060606060606":0.9462750057,"93.36363636363636":0.9356207496,"94.66666666666666":0.9249286824,"95.96969696969697":0.9140776055,"97.27272727272728":0.9029570515,"98.57575757575758":0.8918158294,"99.87878787878788":0.8811098109,"101.18181818181819":0.8712701542,"102.48484848484848":0.8626828956,"103.78787878787878":0.8556950124,"105.0909090909091":0.8506261687,"106.39393939393939":0.8477245989,"107.69696969696969":0.8471978667,"109.0":0.8492054616,"110.30303030303031":0.8538406404,"111.6060606060606":0.861136095,"112.9090909090909":0.8710049931,"114.21212121212122":0.8830626515,"115.51515151515152":0.8968469741,"116.81818181818181":0.9118319512,"118.12121212121212":0.9273982295,