Estimator,Accuracy1,Accuracy2
beatport_key/1.0,0.9082687338501292,0.9741602067183462
