{"AOE1_MEAN":{"beatport_key\/1.0":0.0824605533},"AOE1_STDEV":{"beatport_key\/1.0":0.2689551569},"AOE2_MEAN":{"beatport_key\/1.0":0.0109837318},"AOE2_STDEV":{"beatport_key\/1.0":0.0638943829}}