{"beatport_key\/1.0":{"66.0":-0.0273084412,"67.3030303030303":-0.1360023638,"68.60606060606061":-0.0046619798,"69.9090909090909":0.2747264672,"71.21212121212122":0.6101767336,"72.51515151515152":0.9097025758,"73.81818181818181":1.0814531177,"75.12121212121212":1.0731448367,"76.42424242424242":0.9268251481,"77.72727272727272":0.6982987934,"79.03030303030303":0.4433705144,"80.33333333333333":0.2178450524,"81.63636363636364":0.0769299441,"82.93939393939394":0.0445817633,"84.24242424242425":0.0987833593,"85.54545454545455":0.2138375822,"86.84848484848484":0.3640472819,"88.15151515151516":0.5237153086,"89.45454545454545":0.6677960435,"90.75757575757575":0.7843459932,"92.06060606060606":0.8735558762,"93.36363636363636":0.9360740025,"94.66666666666666":0.9725486822,"95.96969696969697":0.983628225,"97.27272727272728":0.9703576905,"98.57575757575758":0.9377948656,"99.87878787878788":0.8933275222,"101.18181818181819":0.8443721327,"102.48484848484848":0.7983451693,"103.78787878787878":0.7626631041,"105.0909090909091":0.7434705075,"106.39393939393939":0.7396506149,"107.69696969696969":0.7475138398,"109.0":0.7633675808,"110.30303030303031":0.7835192364,"111.6060606060606":0.8042763604,"112.9090909090909":0.8228500672,"114.21212121212122":0.8394829275,"115.51515151515152":0.8550525473,"116.81818181818181":0.8704365325,"118.12121212121212":0.886512489,"119.42424242424242":0.9041532611,"120.72727272727272":0.9235616919,"122.03030303030303":0.9435855937,"123.33333333333333":0.9629093145,"124.63636363636363":0.9802172026,"125.93939393939394":0.9941936063,"127.24242424242425":1.0035429598,"128.54545454545456":1.0076988839,"129.84848484848484":1.0070133926,"131.15151515151516":1.0018970598,"132.45454545454544":0.9927604592,"133.75757575757575":0.9800141646,"135.06060606060606":0.9641591525,"136.36363636363637":0.9471141813,"137.66666666666666":0.9319237014,"138.96969696969697":0.9216631714,"140.27272727272725":0.9194080496,"141.57575757575756":0.9282337946,"142.87878787878788":0.9501166455,"144.1818181818182":0.9779208787,"145.4848484848485":1.0000053225,"146.78787878787878":1.0046967841,"148.0909090909091":0.9803220708,"149.39393939393938":0.9152079897,"150.6969696969697":0.8027958672,"152.0":0.6609421159,"153.3030303030303":0.5147803496,"154.60606060606062":0.3894454309,"155.9090909090909":0.3100722226,"157.2121212121212":0.3017794492,"158.5151515151515":0.3759140844,"159.8181818181818":0.5049547706,"161.12121212121212":0.6545719388,"162.42424242424244":0.79043602,"163.72727272727272":0.8782174451,"165.03030303030303":0.8839176537,"166.33333333333331":0.800410694,"167.63636363636363":0.6668509228,"168.93939393939394":0.5269685613,"170.24242424242425":0.4244938303,"171.54545454545456":0.4031569508,"172.84848484848484":0.5049339482,"174.15151515151513":0.7252838265,"175.45454545454544":1.0094380338,"176.75757575757575":1.3001303448,"178.06060606060606":1.5400945343,"179.36363636363637":1.6720643771,"180.66666666666666":1.6435656316,"181.96969696969697":1.4619896489,"183.27272727272725":1.1754218377,"184.57575757575756":0.8327252693,"185.87878787878788":0.4827630146,"187.1818181818182":0.1743981449,"188.4848484848485":-0.0489989107,"189.78787878787878":-0.1817195497,"191.0909090909091":-0.2338525202,"192.39393939393938":-0.2155406155,"193.6969696969697":-0.1369266292,"195.0":-0.0081533548},"beatport_key\/1.0_lowerci":{"66.0":-0.4199306409,"67.3030303030303":-0.3834059029,"68.60606060606061":-0.2504974149,"69.9090909090909":0.0243527187,"71.21212121212122":0.3684465395,"72.51515151515152":0.6683076032,"73.81818181818181":0.8329728088,"75.12121212121212":0.8328994517,"76.42424242424242":0.712197816,"77.72727272727272":0.5141533877,"79.03030303030303":0.2791489104,"80.33333333333333":0.0581860369,"81.63636363636364":-0.0795206358,"82.93939393939394":-0.0958209639,"84.24242424242425":-0.015036716,"85.54545454545455":0.1267988065,"86.84848484848484":0.290280386,"88.15151515151516":0.4473586412,"89.45454545454545":0.5884816712,"90.75757575757575":0.7080256841,"92.06060606060606":0.7977086445,"93.36363636363636":0.8510210862,"94.66666666666666":0.8726172439,"95.96969696969697":0.873046247,"97.27272727272728":0.8610266508,"98.57575757575758":0.838572144,"99.87878787878788":0.8027724402,"101.18181818181819":0.7524534243,"102.48484848484848":0.6967662922,"103.78787878787878":0.6530356932,"105.0909090909091":0.6354515203,"106.39393939393939":0.6403450365,"107.69696969696969":0.6562472687,"109.0":0.6730984159,"110.30303030303031":0.6881649901,"111.6060606060606":0.7054529091,"112.9090909090909":0.7289928405,"114.21212121212122":0.7577236196,"115.51515151515152":0.7874886213,"116.81818181818181":0.8131106552,"118.12121212121212":0.8323830123,"119.42424242424242":0.8505550835,"120.72727272727272":0.8739785478,"122.03030303030303":0.9015772617,"123.33333333333333":0.928984144,"124.63636363636363":0.9511202479,"125.93939393939394":0.9658561265,"127.24242424242425":0.9754855939,"128.54545454545456":0.9803494715,"129.84848484848484":0.976855101,"131.15151515151516":0.964456075,"132.45454545454544":0.9471300892,"133.75757575757575":0.9293864152,"135.06060606060606":0.9145709502,"136.36363636363637":0.9030640301,"137.66666666666666":0.8928256562,"138.96969696969697":0.8827377903,"140.27272727272725":0.8768003206,"141.57575757575756":0.882479945,"142.87878787878788":0.9035251125,"144.1818181818182":0.9279119152,"145.4848484848485":0.9406468608,"146.78787878787878":0.9334418722,"148.0909090909091":0.899931542,"149.39393939393938":0.8313042605,"150.6969696969697":0.7167258157,"152.0":0.5621654918,"153.3030303030303":0.3914290708,"154.60606060606062":0.2393403862,"155.9090909090909":0.1413460515,"157.2121212121212":0.1295294616,"158.5151515151515":0.2126202945,"159.8181818181818":0.3459480994,"161.12121212121212":0.48345366,"162.42424242424244":0.597347096,"163.72727272727272":0.6695815427,"165.03030303030303":0.6792529427,"166.33333333333331":0.614542473,"167.63636363636363":0.4892248028,"168.93939393939394":0.3343251775,"170.24242424242425":0.2103847105,"171.54545454545456":0.1869657638,"172.84848484848484":0.3190988212,"174.15151515151513":0.5605297255,"175.45454545454544":0.7792820647,"176.75757575757575":0.9494204433,"178.06060606060606":1.0697571969,"179.36363636363637":1.1167921511,"180.66666666666666":1.060195232,"181.96969696969697":0.9000299259,"183.27272727272725":0.6578698658,"184.57575757575756":0.3563198614,"185.87878787878788":0.0277218919,"187.1818181818182":-0.2750002382,"188.4848484848485":-0.4879459697,"189.78787878787878":-0.5941785988,"191.0909090909091":-0.6099001078,"192.39393939393938":-0.5663282741,"193.6969696969697":-0.5055649564,"195.0":-0.4563425451},"beatport_key\/1.0_upperci":{"66.0":0.3653137584,"67.3030303030303":0.1114011753,"68.60606060606061":0.2411734553,"69.9090909090909":0.5251002157,"71.21212121212122":0.8519069276,"72.51515151515152":1.1510975485,"73.81818181818181":1.3299334266,"75.12121212121212":1.3133902217,"76.42424242424242":1.1414524801,"77.72727272727272":0.8824441992,"79.03030303030303":0.6075921183,"80.33333333333333":0.3775040678,"81.63636363636364":0.233380524,"82.93939393939394":0.1849844905,"84.24242424242425":0.2126034347,"85.54545454545455":0.3008763579,"86.84848484848484":0.4378141779,"88.15151515151516":0.600071976,"89.45454545454545":0.7471104159,"90.75757575757575":0.8606663022,"92.06060606060606":0.9494031079,"93.36363636363636":1.0211269189,"94.66666666666666":1.0724801204,"95.96969696969697":1.0942102029,"97.27272727272728":1.0796887303,"98.57575757575758":1.0370175871,"99.87878787878788":0.9838826043,"101.18181818181819":0.9362908411,"102.48484848484848":0.8999240463,"103.78787878787878":0.8722905149,"105.0909090909091":0.8514894946,"106.39393939393939":0.8389561933,"107.69696969696969":0.8387804108,"109.0":0.8536367456,"110.30303030303031":0.8788734828,"111.6060606060606":0.9030998117,"112.9090909090909":0.9167072939,"114.21212121212122":0.9212422353,"115.51515151515152":0.9226164732,"116.81818181818181":0.9277624097,