Estimator,Size,Min,Max,Avg,Stdev,Sweet Oct. Start,Sweet Oct. Coverage
beatport_key/1.0,774,30.0,179.0,127.86692506459949,19.414965129977915,89.0,0.9534883720930233
