{"beatport_key\/1.0":{"0.0":0.0,"1.0":0.0,"2.0":0.0,"3.0":0.0,"4.0":0.0,"5.0":0.0,"6.0":0.0,"7.0":0.0,"8.0":0.0,"9.0":0.0,"10.0":0.0,"11.0":0.0,"12.0":0.0,"13.0":0.0,"14.0":0.0,"15.0":0.0,"16.0":0.0,"17.0":0.0,"18.0":0.0,"19.0":0.0,"20.0":0.0,"21.0":0.0,"22.0":0.0,"23.0":0.0,"24.0":0.0,"25.0":0.0,"26.0":0.0,"27.0":0.0,"28.0":0.0,"29.0":0.0,"30.0":0.0,"31.0":0.0,"32.0":0.0,"33.0":0.0,"34.0":0.0,"35.0":0.0,"36.0":0.0,"37.0":0.0,"38.0":0.0,"39.0":0.0,"40.0":0.0,"41.0":0.0,"42.0":0.0,"43.0":0.0,"44.0":0.0,"45.0":0.0,"46.0":0.0,"47.0":0.0,"48.0":0.0,"49.0":0.0,"50.0":0.0,"51.0":0.0,"52.0":0.0,"53.0":0.0,"54.0":0.0,"55.0":0.0,"56.0":1.0,"57.0":1.0,"58.0":0.9928754497,"59.0":0.9928754497,"60.0":0.9946565873,"61.0":0.9946565873,"62.0":0.9946565873,"63.0":0.9946565873,"64.0":0.6631043915,"65.0":0.6631043915,"66.0":0.6631043915,"67.0":0.5683751927,"68.0":0.5683751927,"69.0":0.4973282937,"70.0":0.5978626349,"71.0":0.5978626349,"72.0":0.5435114863,"73.0":0.5435114863,"74.0":0.6400963113,"75.0":0.6645165798,"76.0":0.7077662023,"77.0":0.7352055766,"78.0":0.6973633461,"79.0":0.6446825334,"80.0":0.5025299828,"81.0":0.4923775335,"82.0":0.4305487826,"83.0":0.4117115294,"84.0":0.3982127907,"85.0":0.3737073882,"86.0":0.3680451551,"87.0":0.3680451551,"88.0":0.3572202976,"89.0":0.3520431918,"90.0":0.3368006547,"91.0":0.3095796373,"92.0":0.308883248,"93.0":0.3128947188,"94.0":0.3011611668,"95.0":0.2646856281,"96.0":0.2397983516,"97.0":0.1901285615,"98.0":0.1080385231,"99.0":0.0840035235,"100.0":0.056460071,"101.0":0.0708913608,"102.0":0.0696690959,"103.0":0.0762971856,"104.0":0.0747806425,"105.0":0.068220937,"106.0":0.1054259007,"107.0":0.1082773551,"108.0":0.1033556571,"109.0":0.1209584723,"110.0":0.0709007788,"111.0":0.0620822785,"112.0":0.0563608871,"113.0":0.0392643758,"114.0":0.0330362334,"115.0":0.0259710102,"116.0":0.0188162353,"117.0":0.0161017217,"118.0":0.0042100288,"119.0":0.0041214158,"120.0":0.0030053073,"121.0":0.0029628794,"122.0":-0.0007526928,"123.0":-0.0007422629,"124.0":-0.0006949905,"125.0":-0.0007535956,"126.0":-0.0007602579,"127.0":-0.0057674198,"128.0":-0.0069144051,"129.0":-0.0069363811,"130.0":-0.023534273,"131.0":-0.0231097552,"132.0":-0.0213898225,"133.0":-0.0235782476,"134.0":-0.0241452596,"135.0":-0.0244887897,"136.0":-0.0266893494,"137.0":-0.0294579495,"138.0":-0.0322752191,"139.0":-0.0373701219,"140.0":-0.0417092584,"141.0":-0.0527229398,"142.0":-0.0541478841,"143.0":-0.0562163112,"144.0":-0.0626456279,"145.0":-0.0668220031,"146.0":-0.0774561558,"147.0":-0.0854202253,"148.0":-0.0982785848,"149.0":-0.1082392522,"150.0":-0.109650635,"151.0":-0.0910112808,"152.0":-0.0931278222,"153.0":-0.1271268685,"154.0":-0.1359160403,"155.0":-0.1513037617,"156.0":-0.2167324154,"157.0":-0.2227527603,"158.0":-0.2358558638,"159.0":-0.2586806249,"160.0":-0.3036090718,"161.0":-0.5010610761,"162.0":-0.4711478425,"163.0":-0.5005945826,"164.0":-0.4682034506,"165.0":-0.3475619077,"166.0":-0.3475619077,"167.0":-0.3132230607,"168.0":-0.3132230607,"169.0":-0.2634158769,"170.0":-0.2634158769,"171.0":-0.2822312967,"172.0":-0.2822312967,"173.0":-0.2822312967,"174.0":-0.2822312967,"175.0":-0.2459365128,"176.0":-0.2951185161,"177.0":-0.2951185161,"178.0":-0.3564374102,"179.0":-0.3564374102,"180.0":-0.3920811512,"181.0":-0.2744016446,"182.0":-0.2744016446,"183.0":-0.2744016446,"184.0":-0.2744016446,"185.0":-0.3256710523,"186.0":-0.9811234103,"187.0":-0.9811234103,"188.0":-0.9811234103,"189.0":-0.9811234103,"190.0":-0.9811234103,"191.0":-0.9811234103,"192.0":-0.9811234103,"193.0":-0.9811234103,"194.0":-0.9811234103,"195.0":-0.9811234103,"196.0":-0.9811234103,"197.0":-0.9811234103,"198.0":-0.9811234103,"199.0":-0.9926204696,"200.0":-0.9926204696,"201.0":-0.9926204696,"202.0":-0.9926204696,"203.0":-0.9926204696,"204.0":-0.9926204696,"205.0":-0.9926204696,"206.0":0.0,"207.0":0.0,"208.0":0.0,"209.0":0.0,"210.0":0.0,"211.0":0.0,"212.0":0.0,"213.0":0.0,"214.0":0.0,"215.0":0.0,"216.0":0.0,"217.0":0.0,"218.0":0.0,"219.0":0.0,"220.0":0.0,"221.0":0.0,"222.0":0.0,"223.0":0.0,"224.0":0.0,"225.0":0.0,"226.0":0.0,"227.0":0.0,"228.0":0.0,"229.0":0.0,"230.0":0.0,"231.0":0.0,"232.0":0.0,"233.0":0.0,"234.0":0.0,"235.0":0.0,"236.0":0.0,"237.0":0.0,"238.0":0.0,"239.0":0.0,"240.0":0.0,"241.0":0.0,"242.0":0.0,"243.0":0.0,"244.0":0.0,"245.0":0.0,"246.0":0.0,"247.0":0.0,"248.0":0.0,"249.0":0.0,"250.0":0.0,"251.0":0.0,"252.0":0.0,"253.0":0.0,"254.0":0.0,"255.0":0.0,"256.0":0.0,"257.0":0.0,"258.0":0.0,"259.0":0.0,"260.0":0.0,"261.0":0.0,"262.0":0.0,"263.0":0.0,"264.0":0.0,"265.0":0.0,"266.0":0.0,"267.0":0.0,"268.0":0.0,"269.0":0.0,"270.0":0.0,"271.0":0.0,"272.0":0.0,"273.0":0.0,"274.0":0.0,"275.0":0.0,"276.0":0.0,"277.0":0.0,"278.0":0.0,"279.0":0.0,"280.0":0.0,"281.0":0.0,"282.0":0.0,"283.0":0.0,"284.0":0.0,"285.0":0.0,"286.0":0.0,"287.0":0.0,"288.0":0.0,"289.0":0.0,"290.0":0.0,"291.0":0.0,"292.0":0.0,"293.0":0.0,"294.0":0.0,"295.0":0.0,"296.0":0.0,"297.0":0.0,"298.0":0.0,"299.0":0.0,"300.0":0.0}}