{"beatport_key\/1.0":{"66.0":0.014086228,"67.3030303030303":0.0134714621,"68.60606060606061":0.0128292622,"69.9090909090909":0.0121428587,"71.21212121212122":0.0113954818,"72.51515151515152":0.0105703617,"73.81818181818181":0.0096507162,"75.12121212121212":0.0086161341,"76.42424242424242":0.0074375523,"77.72727272727272":0.0060846458,"79.03030303030303":0.0045270897,"80.33333333333333":0.002734559,"81.63636363636364":0.0006769703,"82.93939393939394":-0.0016631262,"84.24242424242425":-0.004284594,"85.54545454545455":-0.0071848092,"86.84848484848484":-0.0103611478,"88.15151515151516":-0.0138109858,"89.45454545454545":-0.0175295071,"90.75757575757575":-0.0214678139,"92.06060606060606":-0.0255361832,"93.36363636363636":-0.0296433525,"94.66666666666666":-0.0336980594,"95.96969696969697":-0.0376090412,"97.27272727272728":-0.0412866854,"98.57575757575758":-0.0446580673,"99.87878787878788":-0.0476599517,"101.18181818181819":-0.050229223,"102.48484848484848":-0.0523027654,"103.78787878787878":-0.0538174632,"105.0909090909091":-0.0547179392,"106.39393939393939":-0.0549929948,"107.69696969696969":-0.0546470849,"109.0":-0.0536846827,"110.30303030303031":-0.0521102613,"111.6060606060606":-0.0499282967,"112.9090909090909":-0.0471591925,"114.21212121212122":-0.0438767892,"115.51515151515152":-0.0401661218,"116.81818181818181":-0.0361122251,"118.12121212121212":-0.0318001339,"119.42424242424242":-0.0273149971,"120.72727272727272":-0.0227580039,"122.03030303030303":-0.0182627841,"123.33333333333333":-0.0139668811,"124.63636363636363":-0.0100078381,"125.93939393939394":-0.0065231986,"127.24242424242425":-0.0036479741,"128.54545454545456":-0.001425267,"129.84848484848484":0.0002175779,"131.15151515151516":0.0013605967,"132.45454545454544":0.0020838257,"133.75757575757575":0.0024673011,"135.06060606060606":0.0025898816,"136.36363636363637":0.0025119606,"137.66666666666666":0.0022792702,"138.96969696969697":0.0019371385,"140.27272727272725":0.0015308936,"141.57575757575756":0.0011058639,"142.87878787878788":0.000704244,"144.1818181818182":0.0003422539,"145.4848484848485":0.0000232701,"146.78787878787878":-0.000249422,"148.0909090909091":-0.0004725371,"149.39393939393938":-0.0006427899,"150.6969696969697":-0.0007574515,"152.0":-0.0008164488,"153.3030303030303":-0.0008205002,"154.60606060606062":-0.0007703245,"155.9090909090909":-0.0006666404,"157.2121212121212":-0.0005101667,"158.5151515151515":-0.000301834,"159.8181818181818":-0.00004317,"161.12121212121212":0.0002641931,"162.42424242424244":0.0006186229,"163.72727272727272":0.0010184872,"165.03030303030303":0.0014621449,"166.33333333333331":0.001947242,"167.63636363636363":0.0024701969,"168.93939393939394":0.0030273065,"170.24242424242425":0.0036148676,"171.54545454545456":0.0042291772,"172.84848484848484":0.0048665378,"174.15151515151513":0.0055233972,"175.45454545454544":0.006196361,"176.75757575757575":0.006882042,"178.06060606060606":0.0075770535,"179.36363636363637":0.0082780084,"180.66666666666666":0.0089815848,"181.96969696969697":0.0096852695,"183.27272727272725":0.0103870995,"184.57575757575756":0.0110851222,"185.87878787878788":0.011777385,"187.1818181818182":0.0124619354,"188.4848484848485":0.0131371179,"189.78787878787878":0.013803314,"191.0909090909091":0.0144617595,"192.39393939393938":0.0151136932,"193.6969696969697":0.0157603539,"195.0":0.0164029803},"beatport_key\/1.0_lowerci":{"66.0":-0.0326850595,"67.3030303030303":-0.0301337756,"68.60606060606061":-0.0276894965,"69.9090909090909":-0.0253878824,"71.21212121212122":-0.0232639922,"72.51515151515152":-0.0213520682,"73.81818181818181":-0.019685367,"75.12121212121212":-0.0183010815,"76.42424242424242":-0.0172467304,"77.72727272727272":-0.016568359,"79.03030303030303":-0.0163071377,"80.33333333333333":-0.0164978081,"81.63636363636364":-0.017167568,"82.93939393939394":-0.0183279376,"84.24242424242425":-0.0199725523,"85.54545454545455":-0.0220884552,"86.84848484848484":-0.0246558097,"88.15151515151516":-0.0276484313,"89.45454545454545":-0.0310348008,"90.75757575757575":-0.0347476369,"92.06060606060606":-0.0386866666,"93.36363636363636":-0.0427472251,"94.66666666666666":-0.046819093,"95.96969696969697":-0.0507864421,"97.27272727272728":-0.0545327182,"98.57575757575758":-0.0579689687,"99.87878787878788":-0.0610229197,"101.18181818181819":-0.0636207249,"102.48484848484848":-0.0656854179,"103.78787878787878":-0.0671371916,"105.0909090909091":-0.0679058171,"106.39393939393939":-0.0679826862,"107.69696969696969":-0.0673800384,"109.0":-0.0661064738,"110.30303030303031":-0.064165306,"111.6060606060606":-0.0615546621,"112.9090909090909":-0.0582911229,"114.21212121212122":-0.0544633179,"115.51515151515152":-0.0501734725,"116.81818181818181":-0.0455190936,"118.12121212121212":-0.0405916028,"119.42424242424242":-0.0354782922,"120.72727272727272":-0.0302957068,"122.03030303030303":-0.0252227335,"123.33333333333333":-0.0204442699,"124.63636363636363":-0.0161301985,"125.93939393939394":-0.0124235499,"127.24242424242425":-0.0094382907,"128.54545454545456":-0.007199282,"129.84848484848484":-0.0056336804,"131.15151515151516":-0.0046537754,"132.45454545454544":-0.0041568417,"133.75757575757575":-0.0040294851,"135.06060606060606":-0.0041617297,"136.36363636363637":-0.0044952113,"137.66666666666666":-0.0050087774,"138.96969696969697":-0.005675485,"140.27272727272725":-0.0064568353,"141.57575757575756":-0.0073048963,"142.87878787878788":-0.0081746177,"144.1818181818182":-0.0090647995,"145.4848484848485":-0.0099868378,"146.78787878787878":-0.0109372668,"148.0909090909091":-0.0118981789,"149.39393939393938":-0.0128420755,"150.6969696969697":-0.0137424735,"152.0":-0.0145933239,"153.3030303030303":-0.0153942163,"154.60606060606062":-0.0161426037,"155.9090909090909":-0.0168334794,"157.2121212121212":-0.0174603609,"158.5151515151515":-0.0180208718,"159.8181818181818":-0.018524064,"161.12121212121212":-0.0189798238,"162.42424242424244":-0.019396327,"163.72727272727272":-0.0197803035,"165.03030303030303":-0.0201380072,"166.33333333333331":-0.0204807176,"167.63636363636363":-0.0208275067,"168.93939393939394":-0.0211972314,"170.24242424242425":-0.0216074504,"171.54545454545456":-0.0220746427,"172.84848484848484":-0.0226149871,"174.15151515151513":-0.023248771,"175.45454545454544":-0.0239996369,"176.75757575757575":-0.0248889002,"178.06060606060606":-0.0259343869,"179.36363636363637":-0.0271499886,"180.66666666666666":-0.0285456974,"181.96969696969697":-0.0301280636,"183.27272727272725":-0.0318993005,"184.57575757575756":-0.0338569924,"185.87878787878788":-0.035994711,"187.1818181818182":-0.0383027651,"188.4848484848485":-0.0407689605,"189.78787878787878":-0.0433794385,"191.0909090909091":-0.0461195083,"192.39393939393938":-0.0489739352,"193.6969696969697":-0.0519270919,"195.0":-0.0549630908},"beatport_key\/1.0_upperci":{"66.0":0.0608575155,"67.3030303030303":0.0570766998,"68.60606060606061":0.053348021,"69.9090909090909":0.0496735998,"71.21212121212122":0.0460549557,"72.51515151515152":0.0424927915,"73.81818181818181":0.0389867993,"75.12121212121212":0.0355333497,"76.42424242424242":0.032121835,"77.72727272727272":0.0287376506,"79.03030303030303":0.025361317,"80.33333333333333":0.0219669262,"81.63636363636364":0.0185215085,"82.93939393939394":0.0150016852,"84.24242424242425":0.0114033643,"85.54545454545455":0.0077188367,"86.84848484848484":0.0039335141,"88.15151515151516":0.0000264597,"89.45454545454545":-0.0040242133,"90.75757575757575":-0.0081879908,"92.06060606060606":-0.0123856997,"93.36363636363636":-0.01653948,"94.66666666666666":-0.0205770257,"95.96969696969697":-0.0244316403,"97.27272727272728":-0.0280406527,"98.57575757575758":-0.0313471659,"99.87878787878788":-0.0342969837,"101.18181818181819":-0.0368377211,"102.48484848484848":-0.0389201129,"103.78787878787878":-0.0404977348,"105.0909090909091":-0.0415300613,"106.39393939393939":-0.0420033034,"107.69696969696969":-0.0419141314,"109.0":-0.0412628915,"110.30303030303031":-0.0400552166,"111.6060606060606":-0.0383019313,