{"beatport_key\/1.0":{"66.0":1.0235328161,"67.3030303030303":1.1322835376,"68.60606060606061":0.9994869456,"69.9090909090909":0.7180332307,"71.21212121212122":0.3808125834,"72.51515151515152":0.0807151945,"73.81818181818181":-0.0895061229,"75.12121212121212":-0.0772534004,"76.42424242424242":0.0743397774,"77.72727272727272":0.3081782326,"79.03030303030303":0.5671667876,"80.33333333333333":0.7942102643,"81.63636363636364":0.9328313215,"82.93939393939394":0.9588832068,"84.24242424242425":0.8957811451,"85.54545454545455":0.7707474935,"86.84848484848484":0.6110046088,"88.15151515151516":0.4437748482,"89.45454545454545":0.2955552389,"90.75757575757575":0.1782566174,"92.06060606060606":0.0902811767,"93.36363636363636":0.0295216877,"94.66666666666666":-0.0061290787,"95.96969696969697":-0.0187783519,"97.27272727272728":-0.0107683104,"98.57575757575758":0.0131825851,"99.87878787878788":0.0469760891,"101.18181818181819":0.0844969601,"102.48484848484848":0.1196299567,"103.78787878787878":0.1462598375,"105.0909090909091":0.1593534247,"106.39393939393939":0.1600550819,"107.69696969696969":0.1516979872,"109.0":0.1376178834,"110.30303030303031":0.1211505135,"111.6060606060606":0.1056314722,"112.9090909090909":0.0935328655,"114.21212121212122":0.0844297859,"115.51515151515152":0.077290454,"116.81818181818181":0.0710830902,"118.12121212121212":0.0647759151,"119.42424242424242":0.0573410333,"120.72727272727272":0.048297059,"122.03030303030303":0.0382678843,"123.33333333333333":0.0280107365,"124.63636363636363":0.0182828428,"125.93939393939394":0.0098414305,"127.24242424242425":0.0034390519,"128.54545454545456":-0.0003414476,"129.84848484848484":-0.001130965,"131.15151515151516":0.0014259736,"132.45454545454544":0.0076848424,"133.75757575757575":0.0180011155,"135.06060606060606":0.0326000114,"136.36363636363637":0.0496639516,"137.66666666666666":0.0657534165,"138.96969696969697":0.0773842084,"140.27272727272725":0.0810721299,"141.57575757575756":0.0733329835,"142.87878787878788":0.0518303984,"144.1818181818182":0.0237428973,"145.4848484848485":0.0009536818,"146.78787878787878":-0.0046206096,"148.0909090909091":0.0189366617,"149.39393939393938":0.0835421342,"150.6969696969697":0.1959460839,"152.0":0.3382362161,"153.3030303030303":0.4851492689,"154.60606060606062":0.6114207191,"155.9090909090909":0.6917860437,"157.2121212121212":0.7009968813,"158.5151515151515":0.6275970097,"159.8181818181818":0.4990560803,"161.12121212121212":0.3496620347,"162.42424242424244":0.2137028148,"163.72727272727272":0.1254663624,"165.03030303030303":0.1189105331,"166.33333333333331":0.2011954624,"167.63636363636363":0.3333299509,"168.93939393939394":0.4717596869,"170.24242424242425":0.5729303589,"171.54545454545456":0.5932876554,"172.84848484848484":0.4910223433,"174.15151515151513":0.2706004484,"175.45454545454544":-0.0135454949,"176.75757575757575":-0.3044982603,"178.06060606060606":-0.5453406212,"179.36363636363637":-0.6791553512,"180.66666666666666":-0.6537741689,"181.96969696969697":-0.4763567104,"183.27272727272725":-0.1943911811,"184.57575757575756":0.143863536,"185.87878787878788":0.4901485575,"187.1818181818182":0.7962050003,"188.4848484848485":1.0191905976,"189.78787878787878":1.1534036212,"191.0909090909091":1.2087210368,"192.39393939393938":1.1950731079,"193.6969696969697":1.1223900978,"195.0":1.00060227},"beatport_key\/1.0_lowerci":{"66.0":0.6672519052,"67.3030303030303":0.9077797821,"68.60606060606061":0.7764061497,"69.9090909090909":0.4908341898,"71.21212121212122":0.1614570457,"72.51515151515152":-0.1383361501,"73.81818181818181":-0.3149869817,"75.12121212121212":-0.2952615637,"76.42424242424242":-0.1204215516,"77.72727272727272":0.1410774091,"79.03030303030303":0.4181456097,"80.33333333333333":0.6493293596,"81.63636363636364":0.7908618782,"82.93939393939394":0.8314762197,"84.24242424242425":0.7924963076,"85.54545454545455":0.6917650663,"86.84848484848484":0.5440656102,"88.15151515151516":0.3744857885,"89.45454545454545":0.2235822408,"90.75757575757575":0.1090005507,"92.06060606060606":0.0214543991,"93.36363636363636":-0.0476586921,"94.66666666666666":-0.0968108178,"95.96969696969697":-0.1191248118,"97.27272727272728":-0.1099796196,"98.57575757575758":-0.0768560364,"99.87878787878788":-0.0351971735,"101.18181818181819":0.001086289,"102.48484848484848":0.0274532665,"103.78787878787878":0.0467795895,"105.0909090909091":0.061332724,"106.39393939393939":0.0699412728,"107.69696969696969":0.0688790913,"109.0":0.0557040734,"110.30303030303031":0.0346222994,"111.6060606060606":0.0159551643,"112.9090909090909":0.0083631063,"114.21212121212122":0.0102381567,"115.51515151515152":0.0159802757,"116.81818181818181":0.0190633221,"118.12121212121212":0.0156566872,"119.42424242424242":0.0087039273,"120.72727272727272":0.0033033531,"122.03030303030303":0.0001478625,"123.33333333333333":-0.0027743048,"124.63636363636363":-0.0081208845,"125.93939393939394":-0.0158731194,"127.24242424242425":-0.0220213115,"128.54545454545456":-0.025159386,"129.84848484848484":-0.0284977915,"131.15151515151516":-0.0325494567,"132.45454545454544":-0.0337219598,"133.75757575757575":-0.0279405065,"135.06060606060606":-0.0123982844,"136.36363636363637":0.0096911024,"137.66666666666666":0.030274304,"138.96969696969697":0.0420617782,"140.27272727272725":0.0424081916,"141.57575757575756":0.0318141309,"142.87878787878788":0.0095513988,"144.1818181818182":-0.0216372139,"145.4848484848485":-0.0529105339,"146.78787878787878":-0.0692801346,"148.0909090909091":-0.0540128833,"149.39393939393938":0.0074045722,"150.6969696969697":0.1178427154,"152.0":0.2486024011,"153.3030303030303":0.3732154404,"154.60606060606062":0.4752094654,"155.9090909090909":0.5386772435,"157.2121212121212":0.5446904306,"158.5151515151515":0.479417767,"159.8181818181818":0.3547671386,"161.12121212121212":0.1943825414,"162.42424242424244":0.0384862891,"163.72727272727272":-0.0638581063,"165.03030303030303":-0.0668103196,"166.33333333333331":0.0325312882,"167.63636363636363":0.1721449851,"168.93939393939394":0.2969474621,"170.24242424242425":0.3786392763,"171.54545454545456":0.3971072226,"172.84848484848484":0.3223881999,"174.15151515151513":0.1210960616,"175.45454545454544":-0.2223981232,"176.75757575757575":-0.6227462943,"178.06060606060606":-0.9721433214,"179.36363636363637":-1.1830313283,"180.66666666666666":-1.1831475399,"181.96969696969697":-0.9863011867,"183.27272727272725":-0.6640383079,"184.57575757575756":-0.2884455715,"185.87878787878788":0.0772262473,"187.1818181818182":0.3884031353,"188.4848484848485":0.6208726773,"189.78787878787878":0.7791219687,"191.0909090909091":0.8674805843,"192.39393939393938":0.876754514,"193.6969696969697":0.7878731013,"195.0":0.5938976743},"beatport_key\/1.0_upperci":{"66.0":1.379813727,"67.3030303030303":1.356787293,"68.60606060606061":1.2225677414,"69.9090909090909":0.9452322715,"71.21212121212122":0.6001681212,"72.51515151515152":0.2997665391,"73.81818181818181":0.135974736,"75.12121212121212":0.1407547628,"76.42424242424242":0.2691011063,"77.72727272727272":0.4752790561,"79.03030303030303":0.7161879654,"80.33333333333333":0.9390911689,"81.63636363636364":1.0748007648,"82.93939393939394":1.086290194,"84.24242424242425":0.9990659827,"85.54545454545455":0.8497299207,"86.84848484848484":0.6779436075,"88.15151515151516":0.5130639078,"89.45454545454545":0.367528237,"90.75757575757575":0.247512684,"92.06060606060606":0.1591079543,"93.36363636363636":0.1067020676,"94.66666666666666":0.0845526603,"95.96969696969697":0.0815681081,"97.27272727272728":0.0884429987,"98.57575757575758":0.1032212066,"99.87878787878788":0.1291493517,"101.18181818181819":0.1679076312,"102.48484848484848":0.2118066469,"103.78787878787878":0.2457400855,"105.0909090909091":0.2573741254,"106.39393939393939":0.250168891,"107.69696969696969":0.2345168831,"109.0":0.2195316935,"110.30303030303031":0.2076787276,"111.6060606060606":0.1953077801,"112.9090909090909":0.1787026247,"114.21212121212122":0.1586214152,"115.51515151515152":0.1386006323,