{"beatport_key\/1.0":{"0.0":0.0,"1.0":0.0,"2.0":0.0,"3.0":0.0,"4.0":0.0,"5.0":0.0,"6.0":0.0,"7.0":0.0,"8.0":0.0,"9.0":0.0,"10.0":0.0,"11.0":0.0,"12.0":0.0,"13.0":0.0,"14.0":0.0,"15.0":0.0,"16.0":0.0,"17.0":0.0,"18.0":0.0,"19.0":0.0,"20.0":0.0,"21.0":0.0,"22.0":0.0,"23.0":0.0,"24.0":0.0,"25.0":0.0,"26.0":0.0,"27.0":0.0,"28.0":0.0,"29.0":0.0,"30.0":0.0,"31.0":0.0,"32.0":0.0,"33.0":0.0,"34.0":0.0,"35.0":0.0,"36.0":0.0,"37.0":0.0,"38.0":0.0,"39.0":0.0,"40.0":0.0,"41.0":0.0,"42.0":0.0,"43.0":0.0,"44.0":0.0,"45.0":0.0,"46.0":0.0,"47.0":0.0,"48.0":0.0,"49.0":0.0,"50.0":0.0,"51.0":0.0,"52.0":0.0,"53.0":0.0,"54.0":0.0,"55.0":0.0,"56.0":1.0,"57.0":1.0,"58.0":0.9928754497,"59.0":0.9928754497,"60.0":0.9946565873,"61.0":0.9946565873,"62.0":0.9946565873,"63.0":0.9946565873,"64.0":0.6631043915,"65.0":0.6631043915,"66.0":0.6631043915,"67.0":0.5683751927,"68.0":0.5683751927,"69.0":0.4973282937,"70.0":0.5978626349,"71.0":0.5978626349,"72.0":0.5435114863,"73.0":0.5435114863,"74.0":0.6400963113,"75.0":0.6645165798,"76.0":0.7077662023,"77.0":0.7352055766,"78.0":0.6973633461,"79.0":0.6446825334,"80.0":0.5031747694,"81.0":0.493035479,"82.0":0.4316876033,"83.0":0.4266865387,"84.0":0.4126968162,"85.0":0.387300089,"86.0":0.3814319058,"87.0":0.3814319058,"88.0":0.3702133204,"89.0":0.3648479099,"90.0":0.3487401892,"91.0":0.3219071526,"92.0":0.3205785831,"93.0":0.3247419413,"94.0":0.3125641185,"95.0":0.275810459,"96.0":0.2514936867,"97.0":0.20229171,"98.0":0.1212593367,"99.0":0.0980379256,"100.0":0.0714147618,"101.0":0.0863299012,"102.0":0.0848414546,"103.0":0.092789832,"104.0":0.0758260014,"105.0":0.0691745978,"106.0":0.1063472341,"107.0":0.1091401911,"108.0":0.1041792733,"109.0":0.1217820885,"110.0":0.0916518764,"111.0":0.0923778926,"112.0":0.0835275698,"113.0":0.0628682148,"114.0":0.0528960152,"115.0":0.041747338,"116.0":0.0318334743,"117.0":0.0271812802,"118.0":0.0235262771,"119.0":0.022630719,"120.0":0.0199243123,"121.0":0.0196430279,"122.0":0.0205331693,"123.0":0.020248645,"124.0":0.0197181064,"125.0":0.0191257652,"126.0":0.0187390191,"127.0":0.0138579301,"128.0":0.0122969079,"129.0":0.0123188839,"130.0":0.0239647734,"131.0":0.0234234351,"132.0":0.0216913677,"133.0":0.0238833335,"134.0":0.0244576822,"135.0":0.0248056574,"136.0":0.0270350232,"137.0":0.0297833513,"138.0":0.0325100536,"139.0":0.0376990661,"140.0":0.0417887461,"141.0":0.0528149782,"142.0":0.05424241,"143.0":0.0563143708,"144.0":0.0627465161,"145.0":0.0669296172,"146.0":0.0775720936,"147.0":0.0855481811,"148.0":0.0982785848,"149.0":0.1082392522,"150.0":0.109650635,"151.0":0.0910112808,"152.0":0.0931278222,"153.0":0.1271268685,"154.0":0.1359160403,"155.0":0.1516327133,"156.0":0.2172036163,"157.0":0.2232370501,"158.0":0.2363686413,"159.0":0.259243026,"160.0":0.304137388,"161.0":0.5020296558,"162.0":0.4721733974,"163.0":0.5016842347,"164.0":0.4692290056,"165.0":0.3492556801,"166.0":0.3492556801,"167.0":0.315005979,"168.0":0.315005979,"169.0":0.2656742401,"170.0":0.2656742401,"171.0":0.2846509715,"172.0":0.2846509715,"173.0":0.2846509715,"174.0":0.2846509715,"175.0":0.2487594668,"176.0":0.2967626175,"177.0":0.2967626175,"178.0":0.3579320478,"179.0":0.3579320478,"180.0":0.3937252525,"181.0":0.2767503608,"182.0":0.2767503608,"183.0":0.2767503608,"184.0":0.2767503608,"185.0":0.3284112212,"186.0":0.9811234103,"187.0":0.9811234103,"188.0":0.9811234103,"189.0":0.9811234103,"190.0":0.9811234103,"191.0":0.9811234103,"192.0":0.9811234103,"193.0":0.9811234103,"194.0":0.9811234103,"195.0":0.9811234103,"196.0":0.9811234103,"197.0":0.9811234103,"198.0":0.9811234103,"199.0":0.9926204696,"200.0":0.9926204696,"201.0":0.9926204696,"202.0":0.9926204696,"203.0":0.9926204696,"204.0":0.9926204696,"205.0":0.9926204696,"206.0":0.0,"207.0":0.0,"208.0":0.0,"209.0":0.0,"210.0":0.0,"211.0":0.0,"212.0":0.0,"213.0":0.0,"214.0":0.0,"215.0":0.0,"216.0":0.0,"217.0":0.0,"218.0":0.0,"219.0":0.0,"220.0":0.0,"221.0":0.0,"222.0":0.0,"223.0":0.0,"224.0":0.0,"225.0":0.0,"226.0":0.0,"227.0":0.0,"228.0":0.0,"229.0":0.0,"230.0":0.0,"231.0":0.0,"232.0":0.0,"233.0":0.0,"234.0":0.0,"235.0":0.0,"236.0":0.0,"237.0":0.0,"238.0":0.0,"239.0":0.0,"240.0":0.0,"241.0":0.0,"242.0":0.0,"243.0":0.0,"244.0":0.0,"245.0":0.0,"246.0":0.0,"247.0":0.0,"248.0":0.0,"249.0":0.0,"250.0":0.0,"251.0":0.0,"252.0":0.0,"253.0":0.0,"254.0":0.0,"255.0":0.0,"256.0":0.0,"257.0":0.0,"258.0":0.0,"259.0":0.0,"260.0":0.0,"261.0":0.0,"262.0":0.0,"263.0":0.0,"264.0":0.0,"265.0":0.0,"266.0":0.0,"267.0":0.0,"268.0":0.0,"269.0":0.0,"270.0":0.0,"271.0":0.0,"272.0":0.0,"273.0":0.0,"274.0":0.0,"275.0":0.0,"276.0":0.0,"277.0":0.0,"278.0":0.0,"279.0":0.0,"280.0":0.0,"281.0":0.0,"282.0":0.0,"283.0":0.0,"284.0":0.0,"285.0":0.0,"286.0":0.0,"287.0":0.0,"288.0":0.0,"289.0":0.0,"290.0":0.0,"291.0":0.0,"292.0":0.0,"293.0":0.0,"294.0":0.0,"295.0":0.0,"296.0":0.0,"297.0":0.0,"298.0":0.0,"299.0":0.0,"300.0":0.0}}