{"beatport_key\/1.0":{"66.0":1.0230217161,"67.3030303030303":1.1338632974,"68.60606060606061":1.0006913579,"69.9090909090909":0.71736137,"71.21212121212122":0.3777288061,"72.51515151515152":0.0756491386,"73.81818181818181":-0.0951610661,"75.12121212121212":-0.0815869287,"76.42424242424242":0.0726895797,"77.72727272727272":0.3098695305,"79.03030303030303":0.572153995,"80.33333333333333":0.8017440444,"81.63636363636364":0.9414655445,"82.93939393939394":0.9668390454,"84.24242424242425":0.9014827009,"85.54545454545455":0.7728646712,"86.84848484848484":0.6084531166,"88.15151515151516":0.4357161973,"89.45454545454545":0.2814082703,"90.75757575757575":0.1579292909,"92.06060606060606":0.0643852376,"93.36363636363636":-0.0006192386,"94.66666666666666":-0.0384794862,"95.96969696969697":-0.0505908539,"97.27272727272728":-0.0386983879,"98.57575757575758":-0.0080839739,"99.87878787878788":0.0339168403,"101.18181818181819":0.0799432105,"102.48484848484848":0.1226342925,"103.78787878787878":0.1546292421,"105.0909090909091":0.1698812074,"106.39393939393939":0.1698449662,"107.69696969696969":0.1586332593,"109.0":0.1403619422,"110.30303030303031":0.1191468701,"111.6060606060606":0.0991037169,"112.9090909090909":0.0832897257,"114.21212121212122":0.0712110933,"115.51515151515152":0.0616301368,"116.81818181818181":0.0533091733,"118.12121212121212":0.0450105196,"119.42424242424242":0.0355020144,"120.72727272727272":0.0243283993,"122.03030303030303":0.0126056493,"123.33333333333333":0.0016392848,"124.63636363636363":-0.0072651739,"125.93939393939394":-0.0128022064,"127.24242424242425":-0.0137111852,"128.54545454545456":-0.0103612374,"129.84848484848484":-0.0051741279,"131.15151515151516":-0.0007025043,"132.45454545454544":0.0005009855,"133.75757575757575":-0.004116306,"135.06060606060606":-0.0168535798,"136.36363636363637":-0.036035227,"137.66666666666666":-0.056829717,"138.96969696969697":-0.0743185865,"140.27272727272725":-0.0835833725,"141.57575757575756":-0.0797056119,"142.87878787878788":-0.059101931,"144.1818181818182":-0.029256161,"145.4848484848485":-0.0031243593,"146.78787878787878":0.0062985248,"148.0909090909091":-0.0139824579,"149.39393939393938":-0.0769622566,"150.6969696969697":-0.1901886056,"152.0":-0.3352059674,"153.3030303030303":-0.4858082261,"154.60606060606062":-0.6157879357,"155.9090909090909":-0.6989376503,"157.2121212121212":-0.7090665859,"158.5151515151515":-0.6342027659,"159.8181818181818":-0.5025042826,"161.12121212121212":-0.3491584471,"162.42424242424244":-0.2093525704,"163.72727272727272":-0.1182739635,"165.03030303030303":-0.1107722377,"166.33333333333331":-0.1942811917,"167.63636363636363":-0.329018803,"168.93939393939394":-0.4705346884,"170.24242424242425":-0.5743784645,"171.54545454545456":-0.5960997482,"172.84848484848484":-0.4930245742,"174.15151515151513":-0.2695852803,"175.45454545454544":0.0189219523,"176.75757575757575":0.3146716284,"178.06060606060606":0.559838253,"179.36363636363637":0.6965963307,"180.66666666666666":0.671939783,"181.96969696969697":0.4930708384,"183.27272727272725":0.2081187459,"184.57575757575756":-0.1340051314,"185.87878787878788":-0.4843894303,"187.1818181818182":-0.7941227876,"188.4848484848485":-1.0197826433,"189.78787878787878":-1.1555819435,"191.0909090909091":-1.2115199444,"192.39393939393938":-1.1976499096,"193.6969696969697":-1.1240251032,"195.0":-1.0006987889},"beatport_key\/1.0_lowerci":{"66.0":0.6655948036,"67.3030303030303":0.9086374105,"68.60606060606061":0.7768930076,"69.9090909090909":0.4894315281,"71.21212121212122":0.1576676965,"72.51515151515152":-0.1441067995,"73.81818181818181":-0.3213671994,"75.12121212121212":-0.30029633,"76.42424242424242":-0.1226982121,"77.72727272727272":0.1422312159,"79.03030303030303":0.4226534805,"80.33333333333333":0.6563971205,"81.63636363636364":0.7990394468,"82.93939393939394":0.8390222451,"84.24242424242425":0.7978656407,"85.54545454545455":0.6936281917,"86.84848484848484":0.5412988041,"88.15151515151516":0.3662042647,"89.45454545454545":0.2092037662,"90.75757575757575":0.0884504575,"92.06060606060606":-0.004662926,"93.36363636363636":-0.0780478743,"94.66666666666666":-0.1294529091,"95.96969696969697":-0.1512600851,"97.27272727272728":-0.138228817,"98.57575757575758":-0.0984122107,"99.87878787878788":-0.0485207382,"101.18181818181819":-0.0037357567,"102.48484848484848":0.0301611097,"103.78787878787878":0.0548290092,"105.0909090909091":0.0715452165,"106.39393939393939":0.0794413,"107.69696969696969":0.0755479709,"109.0":0.0581846508,"110.30303030303031":0.0323403321,"111.6060606060606":0.0091389591,"112.9090909090909":-0.0021539879,"114.21212121212122":-0.0032191784,"115.51515151515152":0.0001227502,"116.81818181818181":0.0011220801,"118.12121212121212":-0.0042667036,"119.42424242424242":-0.0132915361,"120.72727272727272":-0.0208100318,"122.03030303030303":-0.025636988,"123.33333333333333":-0.0292447787,"124.63636363636363":-0.0337538307,"125.93939393939394":-0.0385994688,"127.24242424242425":-0.0392534435,"128.54545454545456":-0.0352590044,"129.84848484848484":-0.0326289816,"131.15151515151516":-0.0347872188,"132.45454545454544":-0.0410390045,"133.75757575757575":-0.0502057024,"135.06060606060606":-0.0619966156,"136.36363636363637":-0.0761366516,"137.66666666666666":-0.0924229504,"138.96969696969697":-0.1097546337,"140.27272727272725":-0.122371676,"141.57575757575756":-0.1213580127,"142.87878787878788":-0.1015169239,"144.1818181818182":-0.0747822405,"145.4848484848485":-0.0571618329,"146.78787878787878":-0.0585689819,"148.0909090909091":-0.0871666499,"149.39393939393938":-0.1533447203,"150.6969696969697":-0.2685431989,"152.0":-0.4251280957,"153.3030303030303":-0.5981020973,"154.60606060606062":-0.7524373222,"155.9090909090909":-0.8525389353,"157.2121212121212":-0.8658758069,"158.5151515151515":-0.7828586371,"159.8181818181818":-0.6472573394,"161.12121212121212":-0.5049374074,"162.42424242424244":-0.3851326919,"163.72727272727272":-0.3082074072,"165.03030303030303":-0.297090474,"166.33333333333331":-0.3634878856,"167.63636363636363":-0.4907222312,"168.93939393939394":-0.6459092085,"170.24242424242425":-0.7692944975,"171.54545454545456":-0.7929112086,"172.84848484848484":-0.6622011407,"174.15151515151513":-0.419570558,"175.45454545454544":-0.1906024646,"176.75757575757575":-0.0046000719,"178.06060606060606":0.131662713,"179.36363636363637":0.1910996025,"180.66666666666666":0.1408636468,"181.96969696969697":-0.0185139087,"183.27272727272725":-0.2630390327,"184.57575757575756":-0.5677047903,"185.87878787878788":-0.8986399329,"187.1818181818182":-1.2032363749,"188.4848484848485":-1.4193817801,"189.78787878787878":-1.5310674983,"191.0909090909091":-1.5538580199,"192.39393939393938":-1.5169923968,"193.6969696969697":-1.4596180963,"195.0":-1.4087115775},"beatport_key\/1.0_upperci":{"66.0":1.3804486286,"67.3030303030303":1.3590891843,"68.60606060606061":1.2244897082,"69.9090909090909":0.945291212,"71.21212121212122":0.5977899158,"72.51515151515152":0.2954050766,"73.81818181818181":0.1310450672,"75.12121212121212":0.1371224725,"76.42424242424242":0.2680773716,"77.72727272727272":0.4775078451,"79.03030303030303":0.7216545095,"80.33333333333333":0.9470909682,"81.63636363636364":1.0838916421,"82.93939393939394":1.0946558458,"84.24242424242425":1.0050997611,"85.54545454545455":0.8521011507,"86.84848484848484":0.675607429,"88.15151515151516":0.5052281299,"89.45454545454545":0.3536127743,"90.75757575757575":0.2274081244,"92.06060606060606":0.1334334011,"93.36363636363636":0.0768093972,"94.66666666666666":0.0524939368,"95.96969696969697":0.0500783772,"97.27272727272728":0.0608320411,"98.57575757575758":0.0822442628,"99.87878787878788":0.1163544187,"101.18181818181819":0.1636221776,"102.48484848484848":0.2151074752,"103.78787878787878":0.2544294751,"105.0909090909091":0.2682171983,"106.39393939393939":0.2602486324,"107.69696969696969":0.2417185478,"109.0":0.2225392335,"110.30303030303031":0.205953408,"111.6060606060606":0.1890684747,"112.9090909090909":0.1687334392,