{"beatport_key\/1.0":{"0.0":0.0,"1.0":0.0,"2.0":0.0,"3.0":0.0,"4.0":0.0,"5.0":0.0,"6.0":0.0,"7.0":0.0,"8.0":0.0,"9.0":0.0,"10.0":0.0,"11.0":0.0,"12.0":0.0,"13.0":0.0,"14.0":0.0,"15.0":0.0,"16.0":0.0,"17.0":0.0,"18.0":0.0,"19.0":0.0,"20.0":0.0,"21.0":0.0,"22.0":0.0,"23.0":0.0,"24.0":0.0,"25.0":0.0,"26.0":0.0,"27.0":0.0,"28.0":0.0,"29.0":0.0,"30.0":0.0,"31.0":0.0,"32.0":0.0,"33.0":0.0,"34.0":0.0,"35.0":0.0,"36.0":0.0,"37.0":0.0,"38.0":0.0,"39.0":0.0,"40.0":0.0,"41.0":0.0,"42.0":0.0,"43.0":0.0,"44.0":0.0,"45.0":0.0,"46.0":0.0,"47.0":0.0,"48.0":0.0,"49.0":0.0,"50.0":0.0,"51.0":0.0,"52.0":0.0,"53.0":0.0,"54.0":0.0,"55.0":0.0,"56.0":0.0,"57.0":0.0,"58.0":0.0071245503,"59.0":0.0071245503,"60.0":0.0053434127,"61.0":0.0053434127,"62.0":0.0053434127,"63.0":0.0053434127,"64.0":0.0035622751,"65.0":0.0035622751,"66.0":0.0035622751,"67.0":0.0030533787,"68.0":0.0030533787,"69.0":0.0026717063,"70.0":0.0021373651,"71.0":0.0021373651,"72.0":0.0019430592,"73.0":0.0019430592,"74.0":0.0027608316,"75.0":0.0030902623,"76.0":0.0033631308,"77.0":0.0088945523,"78.0":0.0168299923,"79.0":0.0154018145,"80.0":0.0123358086,"81.0":0.0125875598,"82.0":0.011295674,"83.0":0.0246154125,"84.0":0.0238083498,"85.0":0.0223432205,"86.0":0.0220046869,"87.0":0.0220046869,"88.0":0.0213574902,"89.0":0.0210479614,"90.0":0.0245951503,"91.0":0.0247891407,"92.0":0.034340341,"93.0":0.0347863194,"94.0":0.0334818325,"95.0":0.0377386379,"96.0":0.0394563491,"97.0":0.0462939161,"98.0":0.0474931554,"99.0":0.050248579,"100.0":0.0532785729,"101.0":0.0640921002,"102.0":0.062987064,"103.0":0.0688737064,"104.0":0.054916266,"105.0":0.0500990497,"106.0":0.0766798491,"107.0":0.078528929,"108.0":0.0749594322,"109.0":0.0876596474,"110.0":0.0588025722,"111.0":0.0612576355,"112.0":0.055343186,"113.0":0.0411657994,"114.0":0.0346360519,"115.0":0.027357693,"116.0":0.0206812581,"117.0":0.0176891267,"118.0":0.0128696436,"119.0":0.0124192712,"120.0":0.0105902204,"121.0":0.0104407114,"122.0":0.0094096626,"123.0":0.0092792746,"124.0":0.0090204997,"125.0":0.0087324668,"126.0":0.0085682753,"127.0":0.0050504562,"128.0":0.0040510553,"129.0":0.0040730313,"130.0":0.0020650334,"131.0":0.0021257238,"132.0":0.0012175524,"133.0":0.001251523,"134.0":0.0012816197,"135.0":0.0012998542,"136.0":0.0013923288,"137.0":0.0015074218,"138.0":0.001587981,"139.0":0.0003211909,"140.0":0.0001982436,"141.0":0.0002715893,"142.0":0.0002789295,"143.0":0.0003335639,"144.0":0.000343186,"145.0":0.000366065,"146.0":0.0003351176,"147.0":0.0003049331,"148.0":0.0002424335,"149.0":0.0002670045,"150.0":0.0001993154,"151.0":0.0003306823,"152.0":0.0003383726,"153.0":0.0004619054,"154.0":0.00032282,"155.0":0.0006893171,"156.0":0.0009874001,"157.0":0.0010148279,"158.0":0.0010745237,"159.0":0.0011785098,"160.0":0.001107085,"161.0":0.0020296558,"162.0":0.0015851621,"163.0":0.0016842347,"164.0":0.0043948409,"165.0":0.0041466401,"166.0":0.0041466401,"167.0":0.0043648843,"168.0":0.0043648843,"169.0":0.0055288535,"170.0":0.0055288535,"171.0":0.0059237716,"172.0":0.0059237716,"173.0":0.0059237716,"174.0":0.0059237716,"175.0":0.0069110669,"176.0":0.0065445375,"177.0":0.0065445375,"178.0":0.0087108204,"179.0":0.0087108204,"180.0":0.0095819025,"181.0":0.0136884321,"182.0":0.0136884321,"183.0":0.0136884321,"184.0":0.0136884321,"185.0":0.007662281,"186.0":0.0188765897,"187.0":0.0188765897,"188.0":0.0188765897,"189.0":0.0188765897,"190.0":0.0188765897,"191.0":0.0188765897,"192.0":0.0188765897,"193.0":0.0188765897,"194.0":0.0188765897,"195.0":0.0188765897,"196.0":0.0188765897,"197.0":0.0188765897,"198.0":0.0188765897,"199.0":0.0073795304,"200.0":0.0073795304,"201.0":0.0073795304,"202.0":0.0073795304,"203.0":0.0073795304,"204.0":0.0073795304,"205.0":0.0073795304,"206.0":0.0,"207.0":0.0,"208.0":0.0,"209.0":0.0,"210.0":0.0,"211.0":0.0,"212.0":0.0,"213.0":0.0,"214.0":0.0,"215.0":0.0,"216.0":0.0,"217.0":0.0,"218.0":0.0,"219.0":0.0,"220.0":0.0,"221.0":0.0,"222.0":0.0,"223.0":0.0,"224.0":0.0,"225.0":0.0,"226.0":0.0,"227.0":0.0,"228.0":0.0,"229.0":0.0,"230.0":0.0,"231.0":0.0,"232.0":0.0,"233.0":0.0,"234.0":0.0,"235.0":0.0,"236.0":0.0,"237.0":0.0,"238.0":0.0,"239.0":0.0,"240.0":0.0,"241.0":0.0,"242.0":0.0,"243.0":0.0,"244.0":0.0,"245.0":0.0,"246.0":0.0,"247.0":0.0,"248.0":0.0,"249.0":0.0,"250.0":0.0,"251.0":0.0,"252.0":0.0,"253.0":0.0,"254.0":0.0,"255.0":0.0,"256.0":0.0,"257.0":0.0,"258.0":0.0,"259.0":0.0,"260.0":0.0,"261.0":0.0,"262.0":0.0,"263.0":0.0,"264.0":0.0,"265.0":0.0,"266.0":0.0,"267.0":0.0,"268.0":0.0,"269.0":0.0,"270.0":0.0,"271.0":0.0,"272.0":0.0,"273.0":0.0,"274.0":0.0,"275.0":0.0,"276.0":0.0,"277.0":0.0,"278.0":0.0,"279.0":0.0,"280.0":0.0,"281.0":0.0,"282.0":0.0,"283.0":0.0,"284.0":0.0,"285.0":0.0,"286.0":0.0,"287.0":0.0,"288.0":0.0,"289.0":0.0,"290.0":0.0,"291.0":0.0,"292.0":0.0,"293.0":0.0,"294.0":0.0,"295.0":0.0,"296.0":0.0,"297.0":0.0,"298.0":0.0,"299.0":0.0,"300.0":0.0}}