Estimator,AOE1_MEAN,AOE1_STDEV,AOE2_MEAN,AOE2_STDEV
beatport_key/1.0,0.0824605533032456,0.2689551569476393,0.010983731762000792,0.06389438290454838
