{"beatport_key\/1.0":{"66.0":-0.0019622391,"67.3030303030303":-0.0020557996,"68.60606060606061":-0.0021083875,"69.9090909090909":-0.0020943251,"71.21212121212122":-0.0019879345,"72.51515151515152":-0.0017635377,"73.81818181818181":-0.0013954491,"75.12121212121212":-0.0008557214,"76.42424242424242":-0.0001110143,"77.72727272727272":0.0008727983,"79.03030303030303":0.0021298431,"80.33333333333333":0.0036942464,"81.63636363636364":0.0055998837,"82.93939393939394":0.0078675006,"84.24242424242425":0.0104985267,"85.54545454545455":0.0134928456,"86.84848484848484":0.016850341,"88.15151515151516":0.0205708964,"89.45454545454545":0.0246530095,"90.75757575757575":0.0290673083,"92.06060606060606":0.0337586097,"93.36363636363636":0.0386707574,"94.66666666666666":0.0437475951,"95.96969696969697":0.0489329665,"97.27272727272728":0.0541637399,"98.57575757575758":0.0593062374,"99.87878787878788":0.0641858176,"101.18181818181819":0.068627335,"102.48484848484848":0.072455644,"103.78787878787878":0.0754955988,"105.0909090909091":0.0775872927,"106.39393939393939":0.0786578173,"107.69696969696969":0.0786650897,"109.0":0.0775670631,"110.30303030303031":0.0753216906,"111.6060606060606":0.0718869346,"112.9090909090909":0.0672751489,"114.21212121212122":0.0616811707,"115.51515151515152":0.0553380641,"116.81818181818181":0.0484788934,"118.12121212121212":0.0413367225,"119.42424242424242":0.0341445354,"120.72727272727272":0.0271240022,"122.03030303030303":0.0204739119,"123.33333333333333":0.0143902935,"124.63636363636363":0.009069176,"125.93939393939394":0.0047065881,"127.24242424242425":0.0014936459,"128.54545454545456":-0.0005568928,"129.84848484848484":-0.0016569075,"131.15151515151516":-0.0020326014,"132.45454545454544":-0.001910178,"133.75757575757575":-0.0015158403,"135.06060606060606":-0.0010681997,"136.36363636363637":-0.0006668021,"137.66666666666666":-0.0003166579,"138.96969696969697":-0.0000201734,"140.27272727272725":0.0002202453,"141.57575757575756":0.0004021916,"142.87878787878788":0.0005244955,"144.1818181818182":0.0005962328,"145.4848484848485":0.0006315457,"146.78787878787878":0.0006446125,"148.0909090909091":0.0006496114,"149.39393939393938":0.0006607206,"150.6969696969697":0.0006907562,"152.0":0.0007460329,"153.3030303030303":0.0008309273,"154.60606060606062":0.0009498157,"155.9090909090909":0.0011070744,"157.2121212121212":0.0013070789,"158.5151515151515":0.0015535056,"159.8181818181818":0.0018480583,"161.12121212121212":0.0021920951,"162.42424242424244":0.0025869743,"163.72727272727272":0.0030340539,"165.03030303030303":0.0035346611,"166.33333333333331":0.0040876019,"167.63636363636363":0.0046873406,"168.93939393939394":0.0053279119,"170.24242424242425":0.006003351,"171.54545454545456":0.0067076926,"172.84848484848484":0.00743494,"174.15151515151513":0.0081782532,"175.45454545454544":0.0089298818,"176.75757575757575":0.0096820303,"178.06060606060606":0.0104269032,"179.36363636363637":0.0111567048,"180.66666666666666":0.0118638067,"181.96969696969697":0.0125426666,"183.27272727272725":0.013189161,"184.57575757575756":0.013799193,"185.87878787878788":0.0143686661,"187.1818181818182":0.0148934835,"188.4848484848485":0.0153705266,"189.78787878787878":0.0158033838,"191.0909090909091":0.0161984565,"192.39393939393938":0.0165621558,"193.6969696969697":0.0169008926,"195.0":0.0172210782},"beatport_key\/1.0_lowerci":{"66.0":-0.0565281126,"67.3030303030303":-0.0520481771,"68.60606060606061":-0.04775412,"69.9090909090909":-0.0436679497,"71.21212121212122":-0.0398023217,"72.51515151515152":-0.0361567602,"73.81818181818181":-0.0327142453,"75.12121212121212":-0.0294427647,"76.42424242424242":-0.0263025911,"77.72727272727272":-0.0232405715,"79.03030303030303":-0.0201863672,"80.33333333333333":-0.0170536933,"81.63636363636364":-0.0137484517,"82.93939393939394":-0.0102167675,"84.24242424242425":-0.0064714183,"85.54545454545455":-0.0025358513,"86.84848484848484":0.0015744377,"88.15151515151516":0.0058611054,"89.45454545454545":0.0103389254,"90.75757575757575":0.0149750348,"92.06060606060606":0.0196960803,"93.36363636363636":0.024455139,"94.66666666666666":0.0292427859,"95.96969696969697":0.034078811,"97.27272727272728":0.0389805777,"98.57575757575758":0.0438400339,"99.87878787878788":0.0484769293,"101.18181818181819":0.0527210924,"102.48484848484848":0.0564205036,"103.78787878787878":0.0594388564,"105.0909090909091":0.0616506979,"106.39393939393939":0.0629585459,"107.69696969696969":0.0632810082,"109.0":0.0625560323,"110.30303030303031":0.0607482102,"111.6060606060606":0.0578464983,"112.9090909090909":0.0538870265,"114.21212121212122":0.0490226935,"115.51515151515152":0.0434369009,"116.81818181818181":0.0373387621,"118.12121212121212":0.0309749414,"119.42424242424242":0.0246248918,"120.72727272727272":0.0185247864,"122.03030303030303":0.0127787458,"123.33333333333333":0.0074555815,"124.63636363636363":0.0026523224,"125.93939393939394":-0.0014501488,"127.24242424242425":-0.0045880977,"128.54545454545456":-0.0067021825,"129.84848484848484":-0.0080289122,"131.15151515151516":-0.0087820545,"132.45454545454544":-0.0091084999,"133.75757575757575":-0.0091166736,"135.06060606060606":-0.0089234672,"136.36363636363637":-0.0086538837,"137.66666666666666":-0.0084246496,"138.96969696969697":-0.0083254823,"140.27272727272725":-0.0083921807,"141.57575757575756":-0.0086132152,"142.87878787878788":-0.008974057,"144.1818181818182":-0.0095217626,"145.4848484848485":-0.0102990929,"146.78787878787878":-0.0112869962,"148.0909090909091":-0.0124100397,"149.39393939393938":-0.0135654952,"150.6969696969697":-0.0146683521,"152.0":-0.0157114506,"153.3030303030303":-0.0167034226,"154.60606060606062":-0.0176374492,"155.9090909090909":-0.0184899872,"157.2121212121212":-0.0192267272,"158.5151515151515":-0.019826888,"159.8181818181818":-0.0203125703,"161.12121212121212":-0.0207075912,"162.42424242424244":-0.0210259634,"163.72727272727272":-0.0212722254,"165.03030303030303":-0.0214458259,"166.33333333333331":-0.0215633867,"167.63636363636363":-0.0216675731,"168.93939393939394":-0.0217931443,"170.24242424242425":-0.0219612195,"171.54545454545456":-0.0221809757,"172.84848484848484":-0.022455798,"174.15151515151513":-0.0228072737,"175.45454545454544":-0.0232811975,"176.75757575757575":-0.0239277508,"178.06060606060606":-0.0247969306,"179.36363636363637":-0.0259360835,"180.66666666666666":-0.0273891773,"181.96969696969697":-0.0292006966,"183.27272727272725":-0.0314065593,"184.57575757575756":-0.0340262598,"185.87878787878788":-0.0370634581,"187.1818181818182":-0.0405086521,"188.4848484848485":-0.0443425979,"189.78787878787878":-0.0485386429,"191.0909090909091":-0.0530645878,"192.39393939393938":-0.0578838394,"193.6969696969697":-0.0629563188,"195.0":-0.0682393637},"beatport_key\/1.0_upperci":{"66.0":0.0526036344,"67.3030303030303":0.047936578,"68.60606060606061":0.0435373449,"69.9090909090909":0.0394792995,"71.21212121212122":0.0358264528,"72.51515151515152":0.0326296849,"73.81818181818181":0.029923347,"75.12121212121212":0.027731322,"76.42424242424242":0.0260805624,"77.72727272727272":0.0249861682,"79.03030303030303":0.0244460534,"80.33333333333333":0.0244421861,"81.63636363636364":0.0249482192,"82.93939393939394":0.0259517686,"84.24242424242425":0.0274684717,"85.54545454545455":0.0295215426,"86.84848484848484":0.0321262443,"88.15151515151516":0.0352806874,"89.45454545454545":0.0389670936,"90.75757575757575":0.0431595817,"92.06060606060606":0.0478211391,"93.36363636363636":0.0528863758,"94.66666666666666":0.0582524043,"95.96969696969697":0.0637871219,"97.27272727272728":0.0693469022,"98.57575757575758":0.0747724408,"99.87878787878788":0.0798947059,"101.18181818181819":0.0845335776,"102.48484848484848":0.0884907844,"103.78787878787878":0.0915523413,"105.0909090909091":0.0935238874,"106.39393939393939":0.0943570888,"107.69696969696969":0.0940491713,"109.0":0.092578094,"110.30303030303031":0.089895171,"111.6060606060606":0.0859273708,"112.9090909090909":0.0806632713,"114.21212121212122":0.0743396478,