{"Accuracy1":{"beatport_key\/1.0":0.9082687339},"Accuracy2":{"beatport_key\/1.0":0.9741602067}}