Estimator,OE1_MEAN,OE1_STDEV,OE2_MEAN,OE2_STDEV
beatport_key/1.0,0.012765836749155561,0.2810225128204155,-0.008442222035442428,0.06427957231715936
