{"OE1_MEAN":{"beatport_key\/1.0":0.0127658367},"OE1_STDEV":{"beatport_key\/1.0":0.2810225128},"OE2_MEAN":{"beatport_key\/1.0":-0.008442222},"OE2_STDEV":{"beatport_key\/1.0":0.0642795723}}