{"beatport_key\/1.0":{"0.0":0.0,"1.0":0.0,"2.0":0.0,"3.0":0.0,"4.0":0.0,"5.0":0.0,"6.0":0.0,"7.0":0.0,"8.0":0.0,"9.0":0.0,"10.0":0.0,"11.0":0.0,"12.0":0.0,"13.0":0.0,"14.0":0.0,"15.0":0.0,"16.0":0.0,"17.0":0.0,"18.0":0.0,"19.0":0.0,"20.0":0.0,"21.0":0.0,"22.0":0.0,"23.0":0.0,"24.0":0.0,"25.0":0.0,"26.0":0.0,"27.0":0.0,"28.0":0.0,"29.0":0.0,"30.0":0.0,"31.0":0.0,"32.0":0.0,"33.0":0.0,"34.0":0.0,"35.0":0.0,"36.0":0.0,"37.0":0.0,"38.0":0.0,"39.0":0.0,"40.0":0.0,"41.0":0.0,"42.0":0.0,"43.0":0.0,"44.0":0.0,"45.0":0.0,"46.0":0.0,"47.0":0.0,"48.0":0.0,"49.0":0.0,"50.0":0.0,"51.0":0.0,"52.0":0.0,"53.0":0.0,"54.0":0.0,"55.0":0.0,"56.0":0.0,"57.0":0.0,"58.0":-0.0035490814,"59.0":-0.0035490814,"60.0":-0.002661811,"61.0":-0.002661811,"62.0":-0.002661811,"63.0":-0.002661811,"64.0":-0.0017745407,"65.0":-0.0017745407,"66.0":-0.0017745407,"67.0":-0.0015210349,"68.0":-0.0015210349,"69.0":-0.0013309055,"70.0":-0.0010872683,"71.0":-0.0010872683,"72.0":-0.0009884257,"73.0":-0.0009884257,"74.0":-0.0007766202,"75.0":-0.0252450359,"76.0":-0.0023600724,"77.0":-0.0295006289,"78.0":-0.0170552027,"79.0":-0.0157640823,"80.0":-0.0124567306,"81.0":-0.0127109496,"82.0":-0.0108435656,"83.0":-0.0239247665,"84.0":-0.0231403479,"85.0":-0.0212539075,"86.0":-0.0209318786,"87.0":-0.0209318786,"88.0":-0.0205360473,"89.0":-0.0202384234,"90.0":-0.0235209445,"91.0":-0.0235178981,"92.0":-0.0334405854,"93.0":-0.0338748787,"94.0":-0.0326045708,"95.0":-0.0365388311,"96.0":-0.0327262332,"97.0":-0.0443358806,"98.0":-0.0357581636,"99.0":-0.0379990865,"100.0":-0.0403029748,"101.0":-0.0500446068,"102.0":-0.0491817688,"103.0":-0.0541179704,"104.0":-0.0360471747,"105.0":-0.0328851418,"106.0":-0.0395896552,"107.0":-0.0442742904,"108.0":-0.0418944356,"109.0":-0.0456579895,"110.0":-0.0303177239,"111.0":-0.0271920306,"112.0":-0.0246267447,"113.0":-0.014957655,"114.0":-0.0127487782,"115.0":-0.0083361204,"116.0":-0.005793849,"117.0":-0.0033047879,"118.0":-0.0014315593,"119.0":-0.0015769531,"120.0":-0.0023393968,"121.0":-0.0023846075,"122.0":-0.0014062563,"123.0":-0.0013120848,"124.0":-0.0013280028,"125.0":-0.0017987236,"126.0":-0.0029263178,"127.0":-0.0019931438,"128.0":-0.000994363,"129.0":-0.0010894702,"130.0":-0.0004979376,"131.0":-0.0005335732,"132.0":-0.0005645232,"133.0":-0.0004727792,"134.0":-0.0003189379,"135.0":-0.0004785747,"136.0":-0.0012199234,"137.0":-0.0010123046,"138.0":-0.0021945887,"139.0":-0.0029094466,"140.0":-0.0019926474,"141.0":-0.0019637261,"142.0":-0.0019099161,"143.0":-0.0021209009,"144.0":-0.0023375553,"145.0":-0.0023825538,"146.0":-0.0022282533,"147.0":0.0008613409,"148.0":0.0009135882,"149.0":0.0010061816,"150.0":0.0011626583,"151.0":0.0020464778,"152.0":0.0019755149,"153.0":0.0023753309,"154.0":0.0022736092,"155.0":0.0015320476,"156.0":0.0048985465,"157.0":0.0050346173,"158.0":0.005620412,"159.0":0.0052613447,"160.0":0.0030979083,"161.0":-0.0038856422,"162.0":-0.0041142094,"163.0":-0.0037761741,"164.0":-0.0024486059,"165.0":0.0186285797,"166.0":0.0186285797,"167.0":0.0186417403,"168.0":0.0186417403,"169.0":0.0224030479,"170.0":0.0224030479,"171.0":0.0240032656,"172.0":0.0240032656,"173.0":0.0240032656,"174.0":0.0240032656,"175.0":0.0251066917,"176.0":0.0354224723,"177.0":0.0354224723,"178.0":0.0322022475,"179.0":0.0322022475,"180.0":0.0362786736,"181.0":0.0591438966,"182.0":0.0591438966,"183.0":0.0591438966,"184.0":0.0591438966,"185.0":0.0677967372,"186.0":-0.0037087358,"187.0":-0.0037087358,"188.0":-0.0037087358,"189.0":-0.0037087358,"190.0":-0.0037087358,"191.0":-0.0037087358,"192.0":-0.0037087358,"193.0":-0.0037087358,"194.0":-0.0037087358,"195.0":-0.0037087358,"196.0":-0.0037087358,"197.0":-0.0037087358,"198.0":-0.0037087358,"199.0":-0.0074174716,"200.0":-0.0074174716,"201.0":-0.0074174716,"202.0":-0.0074174716,"203.0":-0.0074174716,"204.0":-0.0074174716,"205.0":-0.0074174716,"206.0":0.0,"207.0":0.0,"208.0":0.0,"209.0":0.0,"210.0":0.0,"211.0":0.0,"212.0":0.0,"213.0":0.0,"214.0":0.0,"215.0":0.0,"216.0":0.0,"217.0":0.0,"218.0":0.0,"219.0":0.0,"220.0":0.0,"221.0":0.0,"222.0":0.0,"223.0":0.0,"224.0":0.0,"225.0":0.0,"226.0":0.0,"227.0":0.0,"228.0":0.0,"229.0":0.0,"230.0":0.0,"231.0":0.0,"232.0":0.0,"233.0":0.0,"234.0":0.0,"235.0":0.0,"236.0":0.0,"237.0":0.0,"238.0":0.0,"239.0":0.0,"240.0":0.0,"241.0":0.0,"242.0":0.0,"243.0":0.0,"244.0":0.0,"245.0":0.0,"246.0":0.0,"247.0":0.0,"248.0":0.0,"249.0":0.0,"250.0":0.0,"251.0":0.0,"252.0":0.0,"253.0":0.0,"254.0":0.0,"255.0":0.0,"256.0":0.0,"257.0":0.0,"258.0":0.0,"259.0":0.0,"260.0":0.0,"261.0":0.0,"262.0":0.0,"263.0":0.0,"264.0":0.0,"265.0":0.0,"266.0":0.0,"267.0":0.0,"268.0":0.0,"269.0":0.0,"270.0":0.0,"271.0":0.0,"272.0":0.0,"273.0":0.0,"274.0":0.0,"275.0":0.0,"276.0":0.0,"277.0":0.0,"278.0":0.0,"279.0":0.0,"280.0":0.0,"281.0":0.0,"282.0":0.0,"283.0":0.0,"284.0":0.0,"285.0":0.0,"286.0":0.0,"287.0":0.0,"288.0":0.0,"289.0":0.0,"290.0":0.0,"291.0":0.0,"292.0":0.0,"293.0":0.0,"294.0":0.0,"295.0":0.0,"296.0":0.0,"297.0":0.0,"298.0":0.0,"299.0":0.0,"300.0":0.0}}