{"beatport_key\/1.0":{"66.0":0.0010773201,"67.3030303030303":-0.0005718162,"68.60606060606061":-0.0022213408,"69.9090909090909":-0.0038713501,"71.21212121212122":-0.0055219405,"72.51515151515152":-0.0071732086,"73.81818181818181":-0.0088252484,"75.12121212121212":-0.0104774602,"76.42424242424242":-0.0121275906,"77.72727272727272":-0.0137731447,"79.03030303030303":-0.0154116279,"80.33333333333333":-0.0170405454,"81.63636363636364":-0.0186573594,"82.93939393939394":-0.0202572691,"84.24242424242425":-0.0218321456,"85.54545454545455":-0.0233735935,"86.84848484848484":-0.0248732171,"88.15151515151516":-0.0263226211,"89.45454545454545":-0.027712977,"90.75757575757575":-0.0290267479,"92.06060606060606":-0.0302383323,"93.36363636363636":-0.0313218242,"94.66666666666666":-0.032251318,"95.96969696969697":-0.0330009078,"97.27272727272728":-0.0335454549,"98.57575757575758":-0.0338675796,"99.87878787878788":-0.0339544074,"101.18181818181819":-0.0337931191,"102.48484848484848":-0.0333708958,"103.78787878787878":-0.0326749184,"105.0909090909091":-0.0316973186,"106.39393939393939":-0.0304584927,"107.69696969696969":-0.0289888516,"109.0":-0.0273188177,"110.30303030303031":-0.0254788138,"111.6060606060606":-0.0234992627,"112.9090909090909":-0.021412485,"114.21212121212122":-0.0192571687,"115.51515151515152":-0.0170733351,"116.81818181818181":-0.0149010058,"118.12121212121212":-0.0127802024,"119.42424242424242":-0.0107509061,"120.72727272727272":-0.008847441,"122.03030303030303":-0.0070926891,"123.33333333333333":-0.0055081525,"124.63636363636363":-0.0041153329,"125.93939393939394":-0.0029357324,"127.24242424242425":-0.0019901677,"128.54545454545456":-0.0012745797,"129.84848484848484":-0.0007535792,"131.15151515151516":-0.0003897792,"132.45454545454544":-0.0001457927,"133.75757575757575":0.0000157673,"135.06060606060606":0.0001315734,"136.36363636363637":0.0002270935,"137.66666666666666":0.0003188993,"138.96969696969697":0.0004233173,"140.27272727272725":0.0005566742,"141.57575757575756":0.0007352965,"142.87878787878788":0.0009741094,"144.1818181818182":0.0012764202,"145.4848484848485":0.0016397921,"146.78787878787878":0.0020617471,"148.0909090909091":0.0025398075,"149.39393939393938":0.0030714954,"150.6969696969697":0.003654453,"152.0":0.0042868954,"153.3030303030303":0.0049672082,"154.60606060606062":0.0056937771,"155.9090909090909":0.006464988,"157.2121212121212":0.0072792263,"158.5151515151515":0.0081346692,"159.8181818181818":0.0090289057,"161.12121212121212":0.0099594217,"162.42424242424244":0.0109237032,"163.72727272727272":0.0119192362,"165.03030303030303":0.0129434772,"166.33333333333331":0.0139914955,"167.63636363636363":0.0150542485,"168.93939393939394":0.0161222874,"170.24242424242425":0.017186163,"171.54545454545456":0.0182364265,"172.84848484848484":0.0192637294,"174.15151515151513":0.0202613903,"175.45454545454544":0.0212256074,"176.75757575757575":0.0221527222,"178.06060606060606":0.0230390762,"179.36363636363637":0.0238810108,"180.66666666666666":0.0246752535,"181.96969696969697":0.025423353,"183.27272727272725":0.0261301356,"184.57575757575756":0.0268004903,"185.87878787878788":0.027439306,"187.1818181818182":0.0280514716,"188.4848484848485":0.0286417065,"189.78787878787878":0.0292135692,"191.0909090909091":0.0297701308,"192.39393939393938":0.030314461,"193.6969696969697":0.0308496292,"195.0":0.031378705},"beatport_key\/1.0_lowerci":{"66.0":-0.040909576,"67.3030303030303":-0.0403068985,"68.60606060606061":-0.0397441158,"69.9090909090909":-0.0392298815,"71.21212121212122":-0.0387730217,"72.51515151515152":-0.0383825519,"73.81818181818181":-0.0380677029,"75.12121212121212":-0.0378378841,"76.42424242424242":-0.0377022688,"77.72727272727272":-0.0376693391,"79.03030303030303":-0.0377465026,"80.33333333333333":-0.0379396481,"81.63636363636364":-0.0382526407,"82.93939393939394":-0.0386853586,"84.24242424242425":-0.0392326305,"85.54545454545455":-0.0398856984,"86.84848484848484":-0.0406317085,"88.15151515151516":-0.0414534421,"89.45454545454545":-0.0423293496,"90.75757575757575":-0.0432283913,"92.06060606060606":-0.0441117291,"93.36363636363636":-0.0449388236,"94.66666666666666":-0.045667815,"95.96969696969697":-0.0462559546,"97.27272727272728":-0.0466613811,"98.57575757575758":-0.0468540896,"99.87878787878788":-0.0468117446,"101.18181818181819":-0.0465128492,"102.48484848484848":-0.0459362613,"103.78787878787878":-0.045061056,"105.0909090909091":-0.0438725061,"106.39393939393939":-0.0423898503,"107.69696969696969":-0.0406445994,"109.0":-0.0386681082,"110.30303030303031":-0.0364911531,"111.6060606060606":-0.0341438901,"112.9090909090909":-0.0316598787,"114.21212121212122":-0.0290851221,"115.51515151515152":-0.026467998,"116.81818181818181":-0.0238560575,"118.12121212121212":-0.0212957978,"119.42424242424242":-0.0188330432,"120.72727272727272":-0.0165116747,"122.03030303030303":-0.014371228,"123.33333333333333":-0.0124488238,"124.63636363636363":-0.0107772311,"125.93939393939394":-0.009383379,"127.24242424242425":-0.0082882572,"128.54545454545456":-0.0074899225,"129.84848484848484":-0.0069597534,"131.15151515151516":-0.0066636251,"132.45454545454544":-0.0065612908,"133.75757575757575":-0.0066067284,"135.06060606060606":-0.0067518433,"136.36363636363637":-0.0069652111,"137.66666666666666":-0.0072282409,"138.96969696969697":-0.0075205547,"140.27272727272725":-0.0078193933,"141.57575757575756":-0.0081005832,"142.87878787878788":-0.008342333,"144.1818181818182":-0.0085416962,"145.4848484848485":-0.0087040336,"146.78787878787878":-0.0088330024,"148.0909090909091":-0.0089302328,"149.39393939393938":-0.0089957783,"150.6969696969697":-0.0090299087,"152.0":-0.0090372214,"153.3030303030303":-0.0090234428,"154.60606060606062":-0.00899372,"155.9090909090909":-0.0089524848,"157.2121212121212":-0.0089035763,"158.5151515151515":-0.0088516449,"159.8181818181818":-0.0088041843,"161.12121212121212":-0.0087685179,"162.42424242424244":-0.0087510875,"163.72727272727272":-0.0087574836,"165.03030303030303":-0.0087926399,"166.33333333333331":-0.008864252,"167.63636363636363":-0.0089849977,"168.93939393939394":-0.0091672468,"170.24242424242425":-0.0094225035,"171.54545454545456":-0.0097614998,"172.84848484848484":-0.010194287,"174.15151515151513":-0.0107287796,"175.45454545454544":-0.011370471,"176.75757575757575":-0.0121239587,"178.06060606060606":-0.0129929975,"179.36363636363637":-0.0139805172,"180.66666666666666":-0.0150883264,"181.96969696969697":-0.0163131239,"183.27272727272725":-0.0176478429,"184.57575757575756":-0.0190845806,"185.87878787878788":-0.0206147214,"187.1818181818182":-0.0222290173,"188.4848484848485":-0.0239179525,"189.78787878787878":-0.0256735213,"191.0909090909091":-0.0274883231,"192.39393939393938":-0.0293548212,"193.6969696969697":-0.0312653609,"195.0":-0.0332121915},"beatport_key\/1.0_upperci":{"66.0":0.0430642162,"67.3030303030303":0.0391632661,"68.60606060606061":0.0353014343,"69.9090909090909":0.0314871814,"71.21212121212122":0.0277291406,"72.51515151515152":0.0240361346,"73.81818181818181":0.020417206,"75.12121212121212":0.0168829637,"76.42424242424242":0.0134470877,"77.72727272727272":0.0101230497,"79.03030303030303":0.0069232468,"80.33333333333333":0.0038585572,"81.63636363636364":0.000937922,"82.93939393939394":-0.0018291795,"84.24242424242425":-0.0044316608,"85.54545454545455":-0.0068614885,"86.84848484848484":-0.0091147258,"88.15151515151516":-0.0111918002,"89.45454545454545":-0.0130966044,"90.75757575757575":-0.0148251045,"92.06060606060606":-0.0163649354,"93.36363636363636":-0.0177048249,"94.66666666666666":-0.018834821,"95.96969696969697":-0.019745861,"97.27272727272728":-0.0204295286,"98.57575757575758":-0.0208810696,"99.87878787878788":-0.0210970702,"101.18181818181819":-0.0210733891,"102.48484848484848":-0.0208055303,"103.78787878787878":-0.0202887808,"105.0909090909091":-0.0195221311,"106.39393939393939":-0.0185271352,"107.69696969696969":-0.0173331037,"109.0":-0.0159695273,"110.30303030303031":-0.0144664745,