{"beatport_key\/1.0":{"66.0":1.0442633696,"67.3030303030303":1.0777635314,"68.60606060606061":0.9583167408,"69.9090909090909":0.7442784365,"71.21212121212122":0.494004057,"72.51515151515152":0.265849041,"73.81818181818181":0.1180839196,"75.12121212121212":0.0841611708,"76.42424242424242":0.1383655478,"77.72727272727272":0.2463527189,"79.03030303030303":0.3737783524,"80.33333333333333":0.4862981167,"81.63636363636364":0.5499431903,"82.93939393939394":0.5503947151,"84.24242424242425":0.5022411669,"85.54545454545455":0.4223849292,"86.84848484848484":0.3277283855,"88.15151515151516":0.2351739196,"89.45454545454545":0.1611014614,"90.75757575757575":0.1113845361,"92.06060606060606":0.0821664193,"93.36363636363636":0.069223451,"94.66666666666666":0.0683319709,"95.96969696969697":0.0752683187,"97.27272727272728":0.0859662662,"98.57575757575758":0.0979518514,"99.87878787878788":0.1096756597,"101.18181818181819":0.1195996651,"102.48484848484848":0.1261858415,"103.78787878787878":0.1278961626,"105.0909090909091":0.1235413465,"106.39393939393939":0.113923104,"107.69696969696969":0.1005485909,"109.0":0.0849257895,"110.30303030303031":0.0685626821,"111.6060606060606":0.0529671972,"112.9090909090909":0.039333607,"114.21212121212122":0.0278038637,"115.51515151515152":0.0182994777,"116.81818181818181":0.0107419592,"118.12121212121212":0.0050528184,"119.42424242424242":0.001152904,"120.72727272727272":-0.0011300043,"122.03030303030303":-0.0021563535,"123.33333333333333":-0.0023092969,"124.63636363636363":-0.0019719881,"125.93939393939394":-0.0015275803,"127.24242424242425":-0.0013615801,"128.54545454545456":-0.0019449153,"129.84848484848484":-0.0038560997,"131.15151515151516":-0.0076805073,"132.45454545454544":-0.0140035122,"133.75757575757575":-0.0234104884,"135.06060606060606":-0.0363688826,"136.36363636363637":-0.0514966912,"137.66666666666666":-0.0659434822,"138.96969696969697":-0.0768183748,"140.27272727272725":-0.081230488,"141.57575757575756":-0.0762889408,"142.87878787878788":-0.0598679447,"144.1818181818182":-0.0361839323,"145.4848484848485":-0.0125892744,"146.78787878787878":0.0035413704,"148.0909090909091":0.0048333439,"149.39393939393938":-0.0160880125,"150.6969696969697":-0.0641147612,"152.0":-0.1322878425,"153.3030303030303":-0.2101158311,"154.60606060606062":-0.2871066959,"155.9090909090909":-0.3527684056,"157.2121212121212":-0.3966132334,"158.5151515151515":-0.4118269164,"159.8181818181818":-0.4019628929,"161.12121212121212":-0.372390617,"162.42424242424244":-0.328479543,"163.72727272727272":-0.2755991249,"165.03030303030303":-0.2191393255,"166.33333333333331":-0.1661550825,"167.63636363636363":-0.1265687718,"168.93939393939394":-0.1105862809,"170.24242424242425":-0.1284134975,"171.54545454545456":-0.1902563091,"172.84848484848484":-0.305753514,"174.15151515151513":-0.469506072,"175.45454545454544":-0.6598775774,"176.75757575757575":-0.8544241867,"178.06060606060606":-1.0307020566,"179.36363636363637":-1.1662673433,"180.66666666666666":-1.240426635,"181.96969696969697":-1.2543544184,"183.27272727272725":-1.2240900386,"184.57575757575756":-1.1659569074,"185.87878787878788":-1.096278437,"187.1818181818182":-1.0313780393,"188.4848484848485":-0.9857413896,"189.78787878787878":-0.961253209,"191.0909090909091":-0.9545127163,"192.39393939393938":-0.9621010476,"193.6969696969697":-0.9805993388,"195.0":-1.006588726},"beatport_key\/1.0_lowerci":{"66.0":0.720005511,"67.3030303030303":0.8734385037,"68.60606060606061":0.755286775,"69.9090909090909":0.5375003796,"71.21212121212122":0.2943645177,"72.51515151515152":0.0664863534,"73.81818181818181":-0.087130388,"75.12121212121212":-0.1142520981,"76.42424242424242":-0.0388903464,"77.72727272727272":0.0942711632,"79.03030303030303":0.2381514172,"80.33333333333333":0.3544393209,"81.63636363636364":0.4207341694,"82.93939393939394":0.4344392554,"84.24242424242425":0.4082397224,"85.54545454545455":0.3505015587,"86.84848484848484":0.2668059626,"88.15151515151516":0.1721126625,"89.45454545454545":0.0955975022,"90.75757575757575":0.0483533066,"92.06060606060606":0.0195258938,"93.36363636363636":-0.0010198428,"94.66666666666666":-0.0141991601,"95.96969696969697":-0.0160588538,"97.27272727272728":-0.0043277845,"98.57575757575758":0.0160060337,"99.87878787878788":0.0348882508,"101.18181818181819":0.0436860679,"102.48484848484848":0.0422941278,"103.78787878787878":0.0373573456,"105.0909090909091":0.0343308905,"106.39393939393939":0.0319088566,"107.69696969696969":0.0251735792,"109.0":0.0103745132,"110.30303030303031":-0.0101882488,"111.6060606060606":-0.0286488723,"112.9090909090909":-0.038180969,"114.21212121212122":-0.0397193128,"115.51515151515152":-0.0375000516,"116.81818181818181":-0.0366021956,"118.12121212121212":-0.039651501,"119.42424242424242":-0.0431126274,"120.72727272727272":-0.0420796097,"122.03030303030303":-0.0368500916,"123.33333333333333":-0.0303273335,"124.63636363636363":-0.0260025096,"125.93939393939394":-0.0249308686,"127.24242424242425":-0.0245335286,"128.54545454545456":-0.0245321809,"129.84848484848484":-0.0287631555,"131.15151515151516":-0.038602176,"132.45454545454544":-0.0516886102,"133.75757575757575":-0.0652228098,"135.06060606060606":-0.0773226654,"136.36363636363637":-0.087876722,"137.66666666666666":-0.0982336799,"138.96969696969697":-0.108965973,"140.27272727272725":-0.1164192546,"141.57575757575756":-0.1140760178,"142.87878787878788":-0.0983468456,"144.1818181818182":-0.0774852124,"145.4848484848485":-0.0616120952,"146.78787878787878":-0.0553064613,"148.0909090909091":-0.0615593887,"149.39393939393938":-0.0853822184,"150.6969696969697":-0.1351980841,"152.0":-0.2138652383,"153.3030303030303":-0.3119888825,"154.60606060606062":-0.4110750819,"155.9090909090909":-0.4921155616,"157.2121212121212":-0.5388706304,"158.5151515151515":-0.5466875908,"159.8181818181818":-0.5332829322,"161.12121212121212":-0.5137133611,"162.42424242424244":-0.4879473496,"163.72727272727272":-0.4479068319,"165.03030303030303":-0.3881673148,"166.33333333333331":-0.3196594727,"167.63636363636363":-0.2732661958,"168.93939393939394":-0.2696861258,"170.24242424242425":-0.3052414118,"171.54545454545456":-0.3688037561,"172.84848484848484":-0.4592305726,"174.15151515151513":-0.6055727846,"175.45454545454544":-0.8499582243,"176.75757575757575":-1.1440676194,"178.06060606060606":-1.4191431024,"179.36363636363637":-1.6248542065,"180.66666666666666":-1.7222191488,"181.96969696969697":-1.7184643351,"183.27272727272725":-1.6515245909,"184.57575757575756":-1.5594094364,"185.87878787878788":-1.4720866826,"187.1818181818182":-1.4025260729,"188.4848484848485":-1.3482579094,"189.78787878787878":-1.3018938762,"191.0909090909091":-1.2650819751,"192.39393939393938":-1.251808698,"193.6969696969697":-1.2850494557,"195.0":-1.3767381145},"beatport_key\/1.0_upperci":{"66.0":1.3685212282,"67.3030303030303":1.282088559,"68.60606060606061":1.1613467066,"69.9090909090909":0.9510564934,"71.21212121212122":0.6936435964,"72.51515151515152":0.4652117285,"73.81818181818181":0.3232982273,"75.12121212121212":0.2825744397,"76.42424242424242":0.315621442,"77.72727272727272":0.3984342746,"79.03030303030303":0.5094052876,"80.33333333333333":0.6181569126,"81.63636363636364":0.6791522113,"82.93939393939394":0.6663501749,"84.24242424242425":0.5962426113,"85.54545454545455":0.4942682996,"86.84848484848484":0.3886508085,"88.15151515151516":0.2982351766,"89.45454545454545":0.2266054205,"90.75757575757575":0.1744157656,"92.06060606060606":0.1448069449,"93.36363636363636":0.1394667448,"94.66666666666666":0.1508631018,"95.96969696969697":0.1665954913,"97.27272727272728":0.176260317,"98.57575757575758":0.1798976691,"99.87878787878788":0.1844630687,"101.18181818181819":0.1955132624,"102.48484848484848":0.2100775552,"103.78787878787878":0.2184349796,"105.0909090909091":0.2127518024,"106.39393939393939":0.1959373514,"107.69696969696969":0.1759236026,"109.0":0.1594770658,"110.30303030303031":0.147313613,"111.6060606060606":0.1345832666,"112.9090909090909":0.116848183,