{"beatport_key\/1.0":{"66.0":1.0437104071,"67.3030303030303":1.0796333552,"68.60606060606061":0.9596738138,"69.9090909090909":0.7433595452,"71.21212121212122":0.4902183118,"72.51515151515152":0.2597778759,"73.81818181818181":0.11147918,"75.12121212121212":0.0793860655,"76.42424242424242":0.1370618465,"77.72727272727272":0.2492463745,"79.03030303030303":0.3806795012,"80.33333333333333":0.4961010782,"81.63636363636364":0.5606396975,"82.93939393939394":0.5597662348,"84.24242424242425":0.508877381,"85.54545454545455":0.4257652602,"86.84848484848484":0.3282219963,"88.15151515151516":0.2340397135,"89.45454545454545":0.1604399988,"90.75757575757575":0.1131710919,"92.06060606060606":0.0873554728,"93.36363636363636":0.077714915,"94.66666666666666":0.0789711921,"95.96969696969697":0.0858460778,"97.27272727272728":0.0933737953,"98.57575757575758":0.0997486848,"99.87878787878788":0.1050000049,"101.18181818181819":0.1091796161,"102.48484848484848":0.1123393789,"103.78787878787878":0.1145311537,"105.0909090909091":0.1157601287,"106.39393939393939":0.1157650374,"107.69696969696969":0.1141902034,"109.0":0.1106798399,"110.30303030303031":0.10487816,"111.6060606060606":0.0964294255,"112.9090909090909":0.0852612949,"114.21212121212122":0.0722522255,"115.51515151515152":0.0584798499,"116.81818181818181":0.0450218006,"118.12121212121212":0.0329557102,"119.42424242424242":0.0233555042,"120.72727272727272":0.016773506,"122.03030303030303":0.0127071348,"123.33333333333333":0.0105265519,"124.63636363636363":0.0096019181,"125.93939393939394":0.0093033947,"127.24242424242425":0.0090182076,"128.54545454545456":0.0087530979,"129.84848484848484":0.0092950704,"131.15151515151516":0.0114808825,"132.45454545454544":0.0161472914,"133.75757575757575":0.0241310543,"135.06060606060606":0.0361408443,"136.36363636363637":0.0508765864,"137.66666666666666":0.065443299,"138.96969696969697":0.0769020676,"140.27272727272725":0.0823139773,"141.57575757575756":0.0787401138,"142.87878787878788":0.0639957606,"144.1818181818182":0.0421481179,"145.4848484848485":0.0203556726,"146.78787878787878":0.0057988814,"148.0909090909091":0.0056582012,"149.39393939393938":0.0271140891,"150.6969696969697":0.0749344869,"152.0":0.1423707579,"153.3030303030303":0.2192416145,"154.60606060606062":0.2953651804,"155.9090909090909":0.3605595791,"157.2121212121212":0.40464703,"158.5151515151515":0.4209452553,"159.8181818181818":0.4126374136,"161.12121212121212":0.3846347025,"162.42424242424244":0.3418483194,"163.72727272727272":0.2891894619,"165.03030303030303":0.2315945295,"166.33333333333331":0.1760459175,"167.63636363636363":0.1330496588,"168.93939393939394":0.1134601781,"170.24242424242425":0.1281319001,"171.54545454545456":0.1879192494,"172.84848484848484":0.3030871082,"174.15151515151513":0.4682671138,"175.45454545454544":0.6612106385,"176.75757575757575":0.858829647,"178.06060606060606":1.0380361038,"179.36363636363637":1.1757419737,"180.66666666666666":1.2506570725,"181.96969696969697":1.2639515241,"183.27272727272725":1.2320630049,"184.57575757575756":1.1717209538,"185.87878787878788":1.0996548094,"187.1818181818182":1.0325940107,"188.4848484848485":0.9853855237,"189.78787878787878":0.9599686164,"191.0909090909091":0.9528683893,"192.39393939393938":0.9605914203,"193.6969696969697":0.9796442873,"195.0":1.006533568},"beatport_key\/1.0_lowerci":{"66.0":0.7218716576,"67.3030303030303":0.8768326839,"68.60606060606061":0.7581585427,"69.9090909090909":0.5381241454,"71.21212121212122":0.2920681729,"72.51515151515152":0.0619025234,"73.81818181818181":-0.0922041368,"75.12121212121212":-0.1175469514,"76.42424242424242":-0.0388716392,"77.72727272727272":0.0982994154,"79.03030303030303":0.2460644038,"80.33333333333333":0.3652260081,"81.63636363636364":0.4323946338,"82.93939393939394":0.4446758547,"84.24242424242425":0.4155772295,"85.54545454545455":0.3544181719,"86.84848484848484":0.267754082,"88.15151515151516":0.1714489217,"89.45454545454545":0.0954247286,"90.75757575757575":0.0506101037,"92.06060606060606":0.0251822736,"93.36363636363636":0.0079956677,"94.66666666666666":-0.0029442196,"95.96969696969697":-0.0047997531,"97.27272727272728":0.0037533786,"98.57575757575758":0.0184142196,"99.87878787878788":0.0307705436,"101.18181818181819":0.0338323683,"102.48484848484848":0.029073535,"103.78787878787878":0.0246677969,"105.0909090909091":0.0272152228,"106.39393939393939":0.0343626531,"107.69696969696969":0.0393775231,"109.0":0.0366847495,"110.30303030303031":0.0267147463,"111.6060606060606":0.0154222486,"112.9090909090909":0.0083250124,"114.21212121212122":0.0052328022,"115.51515151515152":0.0030966101,"116.81818181818181":-0.0019691455,"118.12121212121212":-0.0114150949,"119.42424242424242":-0.0205797865,"120.72727272727272":-0.023870597,"122.03030303030303":-0.0217277724,"123.33333333333333":-0.0172824576,"124.63636363636363":-0.014249325,"125.93939393939394":-0.0139252946,"127.24242424242425":-0.0139808677,"128.54545454545456":-0.0136656566,"129.84848484848484":-0.0154261677,"131.15151515151516":-0.0192100966,"132.45454545454544":-0.0212566589,"133.75757575757575":-0.0173693284,"135.06060606060606":-0.0045074049,"136.36363636363637":0.014767967,"137.66666666666666":0.0333940007,"138.96969696969697":0.0449943049,"140.27272727272725":0.0473877347,"141.57575757575756":0.0412349453,"142.87878787878788":0.0258039295,"144.1818181818182":0.0011549639,"145.4848484848485":-0.0283014159,"146.78787878787878":-0.0526099192,"148.0909090909091":-0.0602392117,"149.39393939393938":-0.041663151,"150.6969696969697":0.0043814775,"152.0":0.061401966,"153.3030303030303":0.1181285819,"154.60606060606062":0.1723216543,"155.9090909090909":0.2222520153,"157.2121212121212":0.2634509371,"158.5151515151515":0.287090702,"159.8181818181818":0.2822970807,"161.12121212121212":0.2443662895,"162.42424242424244":0.1835702141,"163.72727272727272":0.1181672477,"165.03030303030303":0.0638275648,"166.33333333333331":0.023686739,"167.63636363636363":-0.0125533366,"168.93939393939394":-0.0444527106,"170.24242424242425":-0.0473767987,"171.54545454545456":0.0107038466,"172.84848484848484":0.1507550573,"174.15151515151513":0.3332155199,"175.45454545454544":0.4725480786,"176.75757575757575":0.5713470843,"178.06060606060606":0.6524930025,"179.36363636363637":0.7205763743,"180.66666666666666":0.772458947,"181.96969696969697":0.8033040756,"183.27272727272725":0.8078173061,"184.57575757575756":0.7812037571,"185.87878787878788":0.7266502619,"187.1818181818182":0.6642149079,"188.4848484848485":0.6255735398,"189.78787878787878":0.6218692814,"191.0909090909091":0.6446161166,"192.39393939393938":0.6730451189,"193.6969696969697":0.6774655049,"195.0":0.63914566},"beatport_key\/1.0_upperci":{"66.0":1.3655491566,"67.3030303030303":1.2824340266,"68.60606060606061":1.161189085,"69.9090909090909":0.9485949451,"71.21212121212122":0.6883684507,"72.51515151515152":0.4576532284,"73.81818181818181":0.3151624969,"75.12121212121212":0.2763190825,"76.42424242424242":0.3129953322,"77.72727272727272":0.4001933336,"79.03030303030303":0.5152945986,"80.33333333333333":0.6269761482,"81.63636363636364":0.6888847612,"82.93939393939394":0.6748566148,"84.24242424242425":0.6021775325,"85.54545454545455":0.4971123484,"86.84848484848484":0.3886899107,"88.15151515151516":0.2966305053,"89.45454545454545":0.225455269,"90.75757575757575":0.1757320802,"92.06060606060606":0.1495286719,"93.36363636363636":0.1474341623,"94.66666666666666":0.1608866038,"95.96969696969697":0.1764919086,"97.27272727272728":0.1829942119,"98.57575757575758":0.18108315,"99.87878787878788":0.1792294662,"101.18181818181819":0.1845268639,"102.48484848484848":0.1956052227,"103.78787878787878":0.2043945105,"105.0909090909091":0.2043050347,"106.39393939393939":0.1971674217,"107.69696969696969":0.1890028837,"109.0":0.1846749302,"110.30303030303031":0.1830415737,"111.6060606060606":0.1774366025,"112.9090909090909":0.1621975774,"114.21212121212122":0.1392716488,"115.51515151515152":0.1138630897,"116.81818181818181":0.0920127468,