{"beatport_key\/1.0":{"0.0":0.0,"1.0":0.0,"2.0":0.0,"3.0":0.0,"4.0":0.0,"5.0":0.0,"6.0":0.0,"7.0":0.0,"8.0":0.0,"9.0":0.0,"10.0":0.0,"11.0":0.0,"12.0":0.0,"13.0":0.0,"14.0":0.0,"15.0":0.0,"16.0":0.0,"17.0":0.0,"18.0":0.0,"19.0":0.0,"20.0":0.0,"21.0":0.0,"22.0":0.0,"23.0":0.0,"24.0":0.0,"25.0":0.0,"26.0":0.0,"27.0":0.0,"28.0":0.0,"29.0":0.0,"30.0":0.0,"31.0":0.0,"32.0":0.0,"33.0":0.0,"34.0":0.0,"35.0":0.0,"36.0":0.0,"37.0":0.0,"38.0":0.0,"39.0":0.0,"40.0":0.0,"41.0":0.0,"42.0":0.0,"43.0":0.0,"44.0":0.0,"45.0":0.0,"46.0":0.0,"47.0":0.0,"48.0":0.0,"49.0":0.0,"50.0":0.0,"51.0":0.0,"52.0":0.0,"53.0":0.0,"54.0":0.0,"55.0":0.0,"56.0":0.0,"57.0":0.0,"58.0":0.0,"59.0":0.0,"60.0":0.0012919897,"61.0":0.0025839793,"62.0":0.0025839793,"63.0":0.0025839793,"64.0":0.0025839793,"65.0":0.0129198966,"66.0":0.0129198966,"67.0":0.0142118863,"68.0":0.0142118863,"69.0":0.0167958656,"70.0":0.0167958656,"71.0":0.015503876,"72.0":0.0180878553,"73.0":0.0180878553,"74.0":0.019379845,"75.0":0.0219638243,"76.0":0.011627907,"77.0":0.0142118863,"78.0":0.0129198966,"79.0":0.015503876,"80.0":0.0142118863,"81.0":0.023255814,"82.0":0.0271317829,"83.0":0.0322997416,"84.0":0.0322997416,"85.0":0.0478036176,"86.0":0.0452196382,"87.0":0.0529715762,"88.0":0.0503875969,"89.0":0.0555555556,"90.0":0.0594315245,"91.0":0.0594315245,"92.0":0.0555555556,"93.0":0.0516795866,"94.0":0.0452196382,"95.0":0.0503875969,"96.0":0.0374677003,"97.0":0.0413436693,"98.0":0.0335917313,"99.0":0.0374677003,"100.0":0.0335917313,"101.0":0.0310077519,"102.0":0.0297157623,"103.0":0.0297157623,"104.0":0.0310077519,"105.0":0.0297157623,"106.0":0.0322997416,"107.0":0.0310077519,"108.0":0.0271317829,"109.0":0.0297157623,"110.0":0.0348837209,"111.0":0.0387596899,"112.0":0.0387596899,"113.0":0.0465116279,"114.0":0.0413436693,"115.0":0.0878552972,"116.0":0.0904392765,"117.0":0.1072351421,"118.0":0.1304909561,"119.0":0.1472868217,"120.0":0.2519379845,"121.0":0.2493540052,"122.0":0.2906976744,"123.0":0.4405684755,"124.0":0.4521963824,"125.0":0.5,"126.0":0.4599483204,"127.0":0.4677002584,"128.0":0.4496124031,"129.0":0.4509043928,"130.0":0.4534883721,"131.0":0.3604651163,"132.0":0.3604651163,"133.0":0.3372093023,"134.0":0.1860465116,"135.0":0.2338501292,"136.0":0.1873385013,"137.0":0.2080103359,"138.0":0.2028423773,"139.0":0.2248062016,"140.0":0.2015503876,"141.0":0.1873385013,"142.0":0.1744186047,"143.0":0.1705426357,"144.0":0.149870801,"145.0":0.1485788114,"146.0":0.1059431525,"147.0":0.1046511628,"148.0":0.0762273902,"149.0":0.0697674419,"150.0":0.0413436693,"151.0":0.0400516796,"152.0":0.0348837209,"153.0":0.0413436693,"154.0":0.0387596899,"155.0":0.0361757106,"156.0":0.0348837209,"157.0":0.0167958656,"158.0":0.0167958656,"159.0":0.0167958656,"160.0":0.0167958656,"161.0":0.0167958656,"162.0":0.0142118863,"163.0":0.0297157623,"164.0":0.0219638243,"165.0":0.0219638243,"166.0":0.0219638243,"167.0":0.0219638243,"168.0":0.0167958656,"169.0":0.019379845,"170.0":0.0219638243,"171.0":0.0219638243,"172.0":0.0219638243,"173.0":0.0219638243,"174.0":0.007751938,"175.0":0.007751938,"176.0":0.007751938,"177.0":0.007751938,"178.0":0.007751938,"179.0":0.0064599483,"180.0":0.003875969,"181.0":0.0025839793,"182.0":0.0025839793,"183.0":0.0025839793,"184.0":0.0025839793,"185.0":0.0012919897,"186.0":0.0012919897,"187.0":0.0012919897,"188.0":0.0012919897,"189.0":0.0012919897,"190.0":0.0012919897,"191.0":0.0012919897,"192.0":0.0,"193.0":0.0,"194.0":0.0,"195.0":0.0,"196.0":0.0,"197.0":0.0,"198.0":0.0,"199.0":0.0,"200.0":0.0,"201.0":0.0,"202.0":0.0,"203.0":0.0,"204.0":0.0,"205.0":0.0,"206.0":0.0,"207.0":0.0,"208.0":0.0,"209.0":0.0,"210.0":0.0,"211.0":0.0,"212.0":0.0,"213.0":0.0,"214.0":0.0,"215.0":0.0,"216.0":0.0,"217.0":0.0,"218.0":0.0,"219.0":0.0,"220.0":0.0,"221.0":0.0,"222.0":0.0,"223.0":0.0,"224.0":0.0,"225.0":0.0,"226.0":0.0,"227.0":0.0,"228.0":0.0,"229.0":0.0,"230.0":0.0,"231.0":0.0,"232.0":0.0,"233.0":0.0,"234.0":0.0,"235.0":0.0,"236.0":0.0,"237.0":0.0,"238.0":0.0,"239.0":0.0,"240.0":0.0,"241.0":0.0,"242.0":0.0,"243.0":0.0,"244.0":0.0,"245.0":0.0,"246.0":0.0,"247.0":0.0,"248.0":0.0,"249.0":0.0,"250.0":0.0,"251.0":0.0,"252.0":0.0,"253.0":0.0,"254.0":0.0,"255.0":0.0,"256.0":0.0,"257.0":0.0,"258.0":0.0,"259.0":0.0,"260.0":0.0,"261.0":0.0,"262.0":0.0,"263.0":0.0,"264.0":0.0,"265.0":0.0,"266.0":0.0,"267.0":0.0,"268.0":0.0,"269.0":0.0,"270.0":0.0,"271.0":0.0,"272.0":0.0,"273.0":0.0,"274.0":0.0,"275.0":0.0,"276.0":0.0,"277.0":0.0,"278.0":0.0,"279.0":0.0,"280.0":0.0,"281.0":0.0,"282.0":0.0,"283.0":0.0,"284.0":0.0,"285.0":0.0,"286.0":0.0,"287.0":0.0,"288.0":0.0,"289.0":0.0,"290.0":0.0,"291.0":0.0,"292.0":0.0,"293.0":0.0,"294.0":0.0,"295.0":0.0,"296.0":0.0,"297.0":0.0,"298.0":0.0,"299.0":0.0,"300.0":0.0}}