{"AOE1_MEAN":{"beatport_key\/1.0":0.0664296483},"AOE1_STDEV":{"beatport_key\/1.0":0.224250665},"AOE2_MEAN":{"beatport_key\/1.0":0.0174443532},"AOE2_STDEV":{"beatport_key\/1.0":0.0719510826}}