{"beatport_key\/1.0":{"66.0":1.027655653,"67.3030303030303":1.0161206866,"68.60606060606061":1.0045205976,"69.9090909090909":0.9928331482,"71.21212121212122":0.9810361006,"72.51515151515152":0.9691072167,"73.81818181818181":0.9570244749,"75.12121212121212":0.9448290572,"76.42424242424242":0.9327128274,"77.72727272727272":0.9208896243,"79.03030303030303":0.9095732872,"80.33333333333333":0.8989776551,"81.63636363636364":0.8893151932,"82.93939393939394":0.8807264697,"84.24242424242425":0.8732462839,"85.54545454545455":0.8669009689,"86.84848484848484":0.8617168577,"88.15151515151516":0.8577202836,"89.45454545454545":0.8549246721,"90.75757575757575":0.8530838883,"92.06060606060606":0.8517114107,"93.36363636363636":0.8503116529,"94.66666666666666":0.8483890284,"95.96969696969697":0.8454479507,"97.27272727272728":0.8410527677,"98.57575757575758":0.8353740034,"99.87878787878788":0.8289341573,"101.18181818181819":0.8222600646,"102.48484848484848":0.8158785604,"103.78787878787878":0.8103164796,"105.0909090909091":0.8060829998,"106.39393939393939":0.8035864897,"107.69696969696969":0.8031996001,"109.0":0.8052949397,"110.30303030303031":0.8102451175,"111.6060606060606":0.8184227043,"112.9090909090909":0.8299793982,"114.21212121212122":0.8443258667,"115.51515151515152":0.8607175451,"116.81818181818181":0.8784098684,"118.12121212121212":0.8966582717,"119.42424242424242":0.9147188079,"120.72727272727272":0.9319344694,"122.03030303030303":0.9478240774,"123.33333333333333":0.9619276644,"124.63636363636363":0.9737852626,"125.93939393939394":0.9829369045,"127.24242424242425":0.9889368697,"128.54545454545456":0.9918566623,"129.84848484848484":0.9924192185,"131.15151515151516":0.991389012,"132.45454545454544":0.9895305163,"133.75757575757575":0.9876082049,"135.06060606060606":0.9863557321,"136.36363636363637":0.9860234094,"137.66666666666666":0.9864777837,"138.96969696969697":0.9875748309,"140.27272727272725":0.9891705267,"141.57575757575756":0.9911208472,"142.87878787878788":0.9932825307,"144.1818181818182":0.9955186382,"145.4848484848485":0.9976953567,"146.78787878787878":0.9996788953,"148.0909090909091":1.0013354633,"149.39393939393938":1.0025312699,"150.6969696969697":1.0031484119,"152.0":1.0031448287,"153.3030303030303":1.0025010653,"154.60606060606062":1.0011976707,"155.9090909090909":0.9992151938,"157.2121212121212":0.9965341945,"158.5151515151515":0.9931444543,"159.8181818181818":0.9890617817,"161.12121212121212":0.984306544,"162.42424242424244":0.9788991087,"163.72727272727272":0.9728598432,"165.03030303030303":0.9662100025,"166.33333333333331":0.9590429053,"167.63636363636363":0.9515759794,"168.93939393939394":0.9440389237,"170.24242424242425":0.9366614367,"171.54545454545456":0.9296732173,"172.84848484848484":0.9233016163,"174.15151515151513":0.9177117221,"175.45454545454544":0.9130013945,"176.75757575757575":0.9092651502,"178.06060606060606":0.9065975057,"179.36363636363637":0.9050929778,"180.66666666666666":0.9048354677,"181.96969696969697":0.9057762601,"183.27272727272725":0.9077764926,"184.57575757575756":0.9106955801,"185.87878787878788":0.9143929375,"187.1818181818182":0.9187279798,"188.4848484848485":0.9235665962,"189.78787878787878":0.9288190687,"191.0909090909091":0.9344143001,"192.39393939393938":0.9402812568,"193.6969696969697":0.9463489053,"195.0":0.9525462121},"beatport_key\/1.0_lowerci":{"66.0":0.8557824242,"67.3030303030303":0.8586531928,"68.60606060606061":0.8607442974,"69.9090909090909":0.8618832956,"71.21212121212122":0.8619272067,"72.51515151515152":0.8607744104,"73.81818181818181":0.8583755894,"75.12121212121212":0.8547847287,"76.42424242424242":0.8502138114,"77.72727272727272":0.8449366069,"79.03030303030303":0.8392810171,"80.33333333333333":0.8336251709,"81.63636363636364":0.8283712246,"82.93939393939394":0.8237640985,"84.24242424242425":0.8197938409,"85.54545454545455":0.8164132974,"86.84848484848484":0.8136003584,"88.15151515151516":0.8113869416,"89.45454545454545":0.8098377398,"90.75757575757575":0.8086956216,"92.06060606060606":0.8074168328,"93.36363636363636":0.8055348707,"94.66666666666666":0.8027013443,"95.96969696969697":0.7986598854,"97.27272727272728":0.7932283867,"98.57575757575758":0.7866580907,"99.87878787878788":0.7794538288,"101.18181818181819":0.7721581035,"102.48484848484848":0.7653705932,"103.78787878787878":0.7597404694,"105.0909090909091":0.7558854345,"106.39393939393939":0.7541364525,"107.69696969696969":0.7547423575,"109.0":0.7580127436,"110.30303030303031":0.7643411308,"111.6060606060606":0.7741977161,"112.9090909090909":0.7878090878,"114.21212121212122":0.8044538148,"115.51515151515152":0.8232309034,"116.81818181818181":0.843320348,"118.12121212121212":0.8640204218,"119.42424242424242":0.884733548,"120.72727272727272":0.9048484009,"122.03030303030303":0.9235856119,"123.33333333333333":0.9400845,"124.63636363636363":0.9535732645,"125.93939393939394":0.9635442293,"127.24242424242425":0.969780411,"128.54545454545456":0.9725000438,"129.84848484848484":0.9723484865,"131.15151515151516":0.9701293819,"132.45454545454544":0.9668570254,"133.75757575757575":0.9636668717,"135.06060606060606":0.9616129745,"136.36363636363637":0.9608654599,"137.66666666666666":0.9609389878,"138.96969696969697":0.9614145189,"140.27272727272725":0.9620428484,"141.57575757575756":0.9627238477,"142.87878787878788":0.9633637047,"144.1818181818182":0.9636486723,"145.4848484848485":0.9632657025,"146.78787878787878":0.9620963553,"148.0909090909091":0.9601997817,"149.39393939393938":0.9577211078,"150.6969696969697":0.9547698306,"152.0":0.9513065523,"153.3030303030303":0.9472708427,"154.60606060606062":0.9426509448,"155.9090909090909":0.93748778,"157.2121212121212":0.9318561949,"158.5151515151515":0.9257998479,"159.8181818181818":0.9192595675,"161.12121212121212":0.9121764236,"162.42424242424244":0.9045223678,"163.72727272727272":0.8962991939,"165.03030303030303":0.8875257134,"166.33333333333331":0.8782466501,"167.63636363636363":0.8685624801,"168.93939393939394":0.8586122056,"170.24242424242425":0.8485777918,"171.54545454545456":0.8386788214,"172.84848484848484":0.8291508709,"174.15151515151513":0.8201125779,"175.45454545454544":0.8115419685,"176.75757575757575":0.8034000513,"178.06060606060606":0.7956484151,"179.36363636363637":0.788256998,"180.66666666666666":0.7811952387,"181.96969696969697":0.7742917597,"183.27272727272725":0.7673075522,"184.57575757575756":0.7600535311,"185.87878787878788":0.7523904865,"187.1818181818182":0.7442206677,"188.4848484848485":0.7354804016,"189.78787878787878":0.7261526185,"191.0909090909091":0.7162474808,"192.39393939393938":0.7057890234,"193.6969696969697":0.6948122603,"195.0":0.6833603433},"beatport_key\/1.0_upperci":{"66.0":1.1995288817,"67.3030303030303":1.1735881803,"68.60606060606061":1.1482968979,"69.9090909090909":1.1237830009,"71.21212121212122":1.1001449944,"72.51515151515152":1.077440023,"73.81818181818181":1.0556733604,"75.12121212121212":1.0348733858,"76.42424242424242":1.0152118433,"77.72727272727272":0.9968426417,"79.03030303030303":0.9798655572,"80.33333333333333":0.9643301393,"81.63636363636364":0.9502591619,"82.93939393939394":0.9376888408,"84.24242424242425":0.9266987269,"85.54545454545455":0.9173886404,"86.84848484848484":0.9098333571,"88.15151515151516":0.9040536255,"89.45454545454545":0.9000116045,"90.75757575757575":0.897472155,"92.06060606060606":0.8960059886,"93.36363636363636":0.8950884351,"94.66666666666666":0.8940767125,"95.96969696969697":0.892236016,"97.27272727272728":0.8888771486,"98.57575757575758":0.884089916,"99.87878787878788":0.8784144858,"101.18181818181819":0.8723620258,"102.48484848484848":0.8663865276,"103.78787878787878":0.8608924898,"105.0909090909091":0.8562805651,"106.39393939393939":0.8530365269,"107.69696969696969":0.8516568426,"109.0":0.8525771359,"110.30303030303031":0.8561491042,"111.6060606060606":0.8626476925,"112.9090909090909":0.8721497085,"114.21212121212122":0.8841979187,"115.51515151515152":0.8982041868,"116.81818181818181":0.9134993888,