{"Accuracy1":{"beatport_key\/1.0":0.9121447028},"Accuracy2":{"beatport_key\/1.0":0.9586563307}}