{"OE1_MEAN":{"beatport_key\/1.0":0.0023576014},"OE1_STDEV":{"beatport_key\/1.0":0.2338711197},"OE2_MEAN":{"beatport_key\/1.0":-0.0053943365},"OE2_STDEV":{"beatport_key\/1.0":0.0738387763}}