Estimator,OE1_MEAN,OE1_STDEV,OE2_MEAN,OE2_STDEV
beatport_key/1.0,0.0023576014461794297,0.23387111972612667,-0.005394336538316697,0.0738387762680625
