{"beatport_key\/1.0":{"0.0":0.0,"1.0":0.0,"2.0":0.0,"3.0":0.0,"4.0":0.0,"5.0":0.0,"6.0":0.0,"7.0":0.0,"8.0":0.0,"9.0":0.0,"10.0":0.0,"11.0":0.0,"12.0":0.0,"13.0":0.0,"14.0":0.0,"15.0":0.0,"16.0":0.0,"17.0":0.0,"18.0":0.0,"19.0":0.0,"20.0":0.0,"21.0":0.0,"22.0":0.0,"23.0":0.0,"24.0":0.0,"25.0":0.0,"26.0":0.0,"27.0":0.0,"28.0":0.0,"29.0":0.0,"30.0":0.0,"31.0":0.0,"32.0":0.0,"33.0":0.0,"34.0":0.0,"35.0":0.0,"36.0":0.0,"37.0":0.0,"38.0":0.0,"39.0":0.0,"40.0":0.0,"41.0":0.0,"42.0":0.0,"43.0":0.0,"44.0":0.0,"45.0":0.0,"46.0":0.0,"47.0":0.0,"48.0":0.0,"49.0":0.0,"50.0":0.0,"51.0":0.0,"52.0":0.0,"53.0":0.0,"54.0":0.0,"55.0":0.0,"56.0":1.0,"57.0":1.0,"58.0":0.9964509186,"59.0":0.9964509186,"60.0":0.997338189,"61.0":0.997338189,"62.0":0.997338189,"63.0":0.997338189,"64.0":0.664892126,"65.0":0.664892126,"66.0":0.664892126,"67.0":0.5699075365,"68.0":0.5699075365,"69.0":0.4986690945,"70.0":0.5989127317,"71.0":0.5989127317,"72.0":0.5444661197,"73.0":0.5444661197,"74.0":0.6420805226,"75.0":0.5341046338,"76.0":0.4588188465,"77.0":0.4253913561,"78.0":0.4024351177,"79.0":0.3466527167,"80.0":0.2902283726,"81.0":0.2757432374,"82.0":0.2594109908,"83.0":0.2664863379,"84.0":0.2577490809,"85.0":0.242350018,"86.0":0.2386780481,"87.0":0.2386780481,"88.0":0.2323087052,"89.0":0.2289419123,"90.0":0.2223363956,"91.0":0.195312415,"92.0":0.199808686,"93.0":0.202403604,"94.0":0.1948134688,"95.0":0.1609421832,"96.0":0.161185935,"97.0":0.1573327742,"98.0":0.1249924398,"99.0":0.1172592463,"100.0":0.108208304,"101.0":0.1088885161,"102.0":0.1070111279,"103.0":0.0984261067,"104.0":0.0809689039,"105.0":0.0738663685,"106.0":0.0905634566,"107.0":0.0934881476,"108.0":0.0896060734,"109.0":0.097156782,"110.0":0.0648921238,"111.0":0.0605764581,"112.0":0.0548616979,"113.0":0.0390641095,"114.0":0.0336707868,"115.0":0.0284974475,"116.0":0.0247771263,"117.0":0.0228026054,"118.0":0.0147297462,"119.0":0.0143196022,"120.0":0.0150046361,"121.0":0.0148710434,"122.0":0.0157685719,"123.0":0.0156750474,"124.0":0.0152778693,"125.0":0.0145225422,"126.0":0.0157330428,"127.0":0.0133510888,"128.0":0.0119164469,"129.0":0.0119092437,"130.0":0.0247877806,"131.0":0.0263801993,"132.0":0.0253080976,"133.0":0.0276212279,"134.0":0.028120255,"135.0":0.0285676303,"136.0":0.0303636538,"137.0":0.0313200619,"138.0":0.0331025459,"139.0":0.0461919253,"140.0":0.0505715534,"141.0":0.0537300454,"142.0":0.0550753252,"143.0":0.0524991448,"144.0":0.0585610656,"145.0":0.0623542982,"146.0":0.0670417737,"147.0":0.0696587307,"148.0":0.0760453504,"149.0":0.0837526494,"150.0":0.0916065676,"151.0":0.0609570106,"152.0":0.0622560601,"153.0":0.0846630592,"154.0":0.0904809687,"155.0":0.1017230486,"156.0":0.1419354595,"157.0":0.1458781111,"158.0":0.1541695357,"159.0":0.168738578,"160.0":0.1597717057,"161.0":0.2320127475,"162.0":0.2456605562,"163.0":0.2604191675,"164.0":0.3616420115,"165.0":0.336685815,"166.0":0.336685815,"167.0":0.3534388301,"168.0":0.3534388301,"169.0":0.3822323412,"170.0":0.3822323412,"171.0":0.3381060799,"172.0":0.3381060799,"173.0":0.3381060799,"174.0":0.3381060799,"175.0":0.3082266417,"176.0":0.3645775277,"177.0":0.3645775277,"178.0":0.422343207,"179.0":0.422343207,"180.0":0.4637213264,"181.0":0.6551418177,"182.0":0.6551418177,"183.0":0.6551418177,"184.0":0.6551418177,"185.0":0.5988699295,"186.0":1.0037087358,"187.0":1.0037087358,"188.0":1.0037087358,"189.0":1.0037087358,"190.0":1.0037087358,"191.0":1.0037087358,"192.0":1.0037087358,"193.0":1.0037087358,"194.0":1.0037087358,"195.0":1.0037087358,"196.0":1.0037087358,"197.0":1.0037087358,"198.0":1.0037087358,"199.0":1.0074174716,"200.0":1.0074174716,"201.0":1.0074174716,"202.0":1.0074174716,"203.0":1.0074174716,"204.0":1.0074174716,"205.0":1.0074174716,"206.0":0.0,"207.0":0.0,"208.0":0.0,"209.0":0.0,"210.0":0.0,"211.0":0.0,"212.0":0.0,"213.0":0.0,"214.0":0.0,"215.0":0.0,"216.0":0.0,"217.0":0.0,"218.0":0.0,"219.0":0.0,"220.0":0.0,"221.0":0.0,"222.0":0.0,"223.0":0.0,"224.0":0.0,"225.0":0.0,"226.0":0.0,"227.0":0.0,"228.0":0.0,"229.0":0.0,"230.0":0.0,"231.0":0.0,"232.0":0.0,"233.0":0.0,"234.0":0.0,"235.0":0.0,"236.0":0.0,"237.0":0.0,"238.0":0.0,"239.0":0.0,"240.0":0.0,"241.0":0.0,"242.0":0.0,"243.0":0.0,"244.0":0.0,"245.0":0.0,"246.0":0.0,"247.0":0.0,"248.0":0.0,"249.0":0.0,"250.0":0.0,"251.0":0.0,"252.0":0.0,"253.0":0.0,"254.0":0.0,"255.0":0.0,"256.0":0.0,"257.0":0.0,"258.0":0.0,"259.0":0.0,"260.0":0.0,"261.0":0.0,"262.0":0.0,"263.0":0.0,"264.0":0.0,"265.0":0.0,"266.0":0.0,"267.0":0.0,"268.0":0.0,"269.0":0.0,"270.0":0.0,"271.0":0.0,"272.0":0.0,"273.0":0.0,"274.0":0.0,"275.0":0.0,"276.0":0.0,"277.0":0.0,"278.0":0.0,"279.0":0.0,"280.0":0.0,"281.0":0.0,"282.0":0.0,"283.0":0.0,"284.0":0.0,"285.0":0.0,"286.0":0.0,"287.0":0.0,"288.0":0.0,"289.0":0.0,"290.0":0.0,"291.0":0.0,"292.0":0.0,"293.0":0.0,"294.0":0.0,"295.0":0.0,"296.0":0.0,"297.0":0.0,"298.0":0.0,"299.0":0.0,"300.0":0.0}}