{"beatport_key\/1.0":{"66.0":0.0001461247,"67.3030303030303":0.004339128,"68.60606060606061":0.0085260945,"69.9090909090909":0.0127017699,"71.21212121212122":0.0168608996,"72.51515151515152":0.0209982293,"73.81818181818181":0.0251084777,"75.12121212121212":0.0291784999,"76.42424242424242":0.0331764038,"77.72727272727272":0.037067563,"79.03030303030303":0.0408173512,"80.33333333333333":0.0443911422,"81.63636363636364":0.047754503,"82.93939393939394":0.0508831151,"84.24242424242425":0.0537675398,"85.54545454545455":0.0563995295,"86.84848484848484":0.0587708364,"88.15151515151516":0.0608732131,"89.45454545454545":0.062699441,"90.75757575757575":0.0642630019,"92.06060606060606":0.0655965478,"93.36363636363636":0.066733454,"94.66666666666666":0.0677070957,"95.96969696969697":0.068550848,"97.27272727272728":0.0692920849,"98.57575757575758":0.0698974857,"99.87878787878788":0.0702984867,"101.18181818181819":0.0704260904,"102.48484848484848":0.0702112993,"103.78787878787878":0.0695851158,"105.0909090909091":0.0684863974,"106.39393939393939":0.0668988472,"107.69696969696969":0.0648220574,"109.0":0.0622556391,"110.30303030303031":0.0591992033,"111.6060606060606":0.0556523651,"112.9090909090909":0.0516380373,"114.21212121212122":0.0472572975,"115.51515151515152":0.0426275973,"116.81818181818181":0.0378663883,"118.12121212121212":0.033091122,"119.42424242424242":0.0284191504,"120.72727272727272":0.0239537817,"122.03030303030303":0.0197699222,"123.33333333333333":0.0159390518,"124.63636363636363":0.0125326506,"125.93939393939394":0.0096221986,"127.24242424242425":0.0072774085,"128.54545454545456":0.0055038363,"129.84848484848484":0.0042262342,"131.15151515151516":0.003364202,"132.45454545454544":0.0028373394,"133.75757575757575":0.0025652463,"135.06060606060606":0.0024699067,"136.36363636363637":0.0025106978,"137.66666666666666":0.0026766861,"138.96969696969697":0.0029577558,"140.27272727272725":0.0033437912,"141.57575757575756":0.0038246766,"142.87878787878788":0.0043914326,"144.1818181818182":0.0050444998,"145.4848484848485":0.0057889763,"146.78787878787878":0.0066299935,"148.0909090909091":0.0075726825,"149.39393939393938":0.0086221748,"150.6969696969697":0.0097830241,"152.0":0.0110570277,"153.3030303030303":0.0124451611,"154.60606060606062":0.0139483999,"155.9090909090909":0.0155677194,"157.2121212121212":0.0173040904,"158.5151515151515":0.0191545651,"159.8181818181818":0.0211051354,"161.12121212121212":0.0231398557,"162.42424242424244":0.0252427808,"163.72727272727272":0.0273979651,"165.03030303030303":0.0295893775,"166.33333333333331":0.031794019,"167.63636363636363":0.0339768911,"168.93939393939394":0.0361018086,"170.24242424242425":0.0381325864,"171.54545454545456":0.0400330394,"172.84848484848484":0.0417674851,"174.15151515151513":0.0433135663,"175.45454545454544":0.0446633142,"176.75757575757575":0.0458094754,"178.06060606060606":0.0467447967,"179.36363636363637":0.0474620248,"180.66666666666666":0.0479553259,"181.96969696969697":0.0482365991,"183.27272727272725":0.0483297981,"184.57575757575756":0.0482591068,"185.87878787878788":0.048048709,"187.1818181818182":0.0477227887,"188.4848484848485":0.0473044873,"189.78787878787878":0.0468097982,"191.0909090909091":0.046251717,"192.39393939393938":0.0456432286,"193.6969696969697":0.0449973183,"195.0":0.044326971},"beatport_key\/1.0_lowerci":{"66.0":-0.0515591686,"67.3030303030303":-0.0438661218,"68.60606060606061":-0.0362670769,"69.9090909090909":-0.0287881714,"71.21212121212122":-0.0214548783,"72.51515151515152":-0.0142917677,"73.81818181818181":-0.0073223332,"75.12121212121212":-0.0005782718,"76.42424242424242":0.005888122,"77.72727272727272":0.012024843,"79.03030303030303":0.0177852755,"80.33333333333333":0.0231299105,"81.63636363636364":0.0280275053,"82.93939393939394":0.0324602961,"84.24242424242425":0.0364246243,"85.54545454545455":0.0399236652,"86.84848484848484":0.0429681993,"88.15151515151516":0.0455760251,"89.45454545454545":0.0477694442,"90.75757575757575":0.0495822611,"92.06060606060606":0.051058791,"93.36363636363636":0.0522472252,"94.66666666666666":0.0532018954,"95.96969696969697":0.0539833341,"97.27272727272728":0.0546486991,"98.57575757575758":0.055182388,"99.87878787878788":0.0555258299,"101.18181818181819":0.0556218896,"102.48484848484848":0.0554168815,"103.78787878787878":0.05486026,"105.0909090909091":0.0539073013,"106.39393939393939":0.0525388447,"107.69696969696969":0.0507458767,"109.0":0.048523446,"110.30303030303031":0.0458724455,"111.6060606060606":0.0427995089,"112.9090909090909":0.0393317752,"114.21212121212122":0.0355539727,"115.51515151515152":0.0315645493,"116.81818181818181":0.0274671686,"118.12121212121212":0.0233722218,"119.42424242424242":0.0193946914,"120.72727272727272":0.0156209099,"122.03030303030303":0.0120757525,"123.33333333333333":0.0087783491,"124.63636363636363":0.005764429,"125.93939393939394":0.0030994064,"127.24242424242425":0.0008762587,"128.54545454545456":-0.0008792922,"129.84848484848484":-0.0022422861,"131.15151515151516":-0.0032846394,"132.45454545454544":-0.0040616696,"133.75757575757575":-0.0046169001,"135.06060606060606":-0.0049939469,"136.36363636363637":-0.005235676,"137.66666666666666":-0.0053801937,"138.96969696969697":-0.0054579401,"140.27272727272725":-0.0054865808,"141.57575757575756":-0.0054733532,"142.87878787878788":-0.0054240797,"144.1818181818182":-0.0053549242,"145.4848484848485":-0.0052771198,"146.78787878787878":-0.0051853355,"148.0909090909091":-0.0050582752,"149.39393939393938":-0.0048640401,"150.6969696969697":-0.0045718163,"152.0":-0.0041732002,"153.3030303030303":-0.0036659682,"154.60606060606062":-0.0030455347,"155.9090909090909":-0.0023045949,"157.2121212121212":-0.0014342169,"158.5151515151515":-0.0004336928,"159.8181818181818":0.0006746513,"161.12121212121212":0.0018657452,"162.42424242424244":0.0031164099,"163.72727272727272":0.0044050644,"165.03030303030303":0.0057105779,"166.33333333333331":0.0070000848,"167.63636363636363":0.0082214616,"168.93939393939394":0.0093217711,"170.24242424242425":0.0102495107,"171.54545454545456":0.0109543719,"172.84848484848484":0.0113868739,"174.15151515151513":0.0115061589,"175.45454545454544":0.0112818743,"176.75757575757575":0.0106869468,"178.06060606060606":0.0096981611,"179.36363636363637":0.0082966506,"180.66666666666666":0.0064692083,"181.96969696969697":0.0042232701,"183.27272727272725":0.0015825131,"184.57575757575756":-0.00142405,"185.87878787878788":-0.0047629702,"187.1818181818182":-0.0083971914,"188.4848484848485":-0.0122882616,"189.78787878787878":-0.0164052882,"191.0909090909091":-0.0207204017,"192.39393939393938":-0.0252051443,"193.6969696969697":-0.0298306246,"195.0":-0.0345676634},"beatport_key\/1.0_upperci":{"66.0":0.0518514179,"67.3030303030303":0.0525443779,"68.60606060606061":0.053319266,"69.9090909090909":0.0541917112,"71.21212121212122":0.0551766775,"72.51515151515152":0.0562882263,"73.81818181818181":0.0575392886,"75.12121212121212":0.0589352716,"76.42424242424242":0.0604646855,"77.72727272727272":0.0621102829,"79.03030303030303":0.0638494269,"80.33333333333333":0.065652374,"81.63636363636364":0.0674815007,"82.93939393939394":0.069305934,"84.24242424242425":0.0711104552,"85.54545454545455":0.0728753938,"86.84848484848484":0.0745734736,"88.15151515151516":0.0761704011,"89.45454545454545":0.0776294379,"90.75757575757575":0.0789437426,"92.06060606060606":0.0801343046,"93.36363636363636":0.0812196828,"94.66666666666666":0.082212296,"95.96969696969697":0.0831183618,"97.27272727272728":0.0839354708,"98.57575757575758":0.0846125833,"99.87878787878788":0.0850711435,"101.18181818181819":0.0852302912,"102.48484848484848":0.0850057171,"103.78787878787878":0.0843099715,"105.0909090909091":0.0830654935,"106.39393939393939":0.0812588496,"107.69696969696969":0.0788982381,"109.0":0.0759878322,"110.30303030303031":0.0725259612,"111.6060606060606":0.0685052213,"112.9090909090909":0.0639442995,"114.21212121212122":0.0589606224,"115.51515151515152":0.0536906453,