Estimator,Accuracy1,Accuracy2
beatport_key/1.0,0.9121447028423773,0.958656330749354
