{"beatport_key\/1.0":{"0.0":0.6860465116,"0.0005":0.6860465116,"0.001":0.6860465116,"0.0015":0.6860465116,"0.002":0.6860465116,"0.0025":0.6860465116,"0.003":0.6860465116,"0.0035":0.6860465116,"0.004":0.6860465116,"0.0045":0.6860465116,"0.005":0.6860465116,"0.0055":0.6860465116,"0.006":0.6899224806,"0.0065":0.6899224806,"0.007":0.7351421189,"0.0075":0.7571059432,"0.008":0.8359173127,"0.0085":0.8604651163,"0.009":0.8669250646,"0.0095":0.8695090439,"0.01":0.8746770026,"0.0105":0.8785529716,"0.011":0.8798449612,"0.0115":0.8850129199,"0.012":0.8914728682,"0.0125":0.8914728682,"0.013":0.8927648579,"0.0135":0.8940568475,"0.014":0.8953488372,"0.0145":0.8953488372,"0.015":0.8953488372,"0.0155":0.9005167959,"0.016":0.9018087855,"0.0165":0.9018087855,"0.017":0.9031007752,"0.0175":0.9043927649,"0.018":0.9043927649,"0.0185":0.9069767442,"0.019":0.9069767442,"0.0195":0.9069767442,"0.02":0.9069767442,"0.0205":0.9069767442,"0.021":0.9069767442,"0.0215":0.9082687339,"0.022":0.9082687339,"0.0225":0.9082687339,"0.023":0.9082687339,"0.0235":0.9095607235,"0.024":0.9095607235,"0.0245":0.9108527132,"0.025":0.9108527132,"0.0255":0.9108527132,"0.026":0.9108527132,"0.0265":0.9108527132,"0.027":0.9108527132,"0.0275":0.9108527132,"0.028":0.9108527132,"0.0285":0.9108527132,"0.029":0.9108527132,"0.0295":0.9108527132,"0.03":0.9108527132,"0.0305":0.9108527132,"0.031":0.9108527132,"0.0315":0.9108527132,"0.032":0.9108527132,"0.0325":0.9108527132,"0.033":0.9108527132,"0.0335":0.9121447028,"0.034":0.9121447028,"0.0345":0.9121447028,"0.035":0.9121447028,"0.0355":0.9121447028,"0.036":0.9121447028,"0.0365":0.9121447028,"0.037":0.9121447028,"0.0375":0.9121447028,"0.038":0.9121447028,"0.0385":0.9121447028,"0.039":0.9121447028,"0.0395":0.9121447028,"0.04":0.9121447028,"0.0405":0.9121447028,"0.041":0.9121447028,"0.0415":0.9121447028,"0.042":0.9121447028,"0.0425":0.9121447028,"0.043":0.9121447028,"0.0435":0.9121447028,"0.044":0.9121447028,"0.0445":0.9121447028,"0.045":0.9121447028,"0.0455":0.9121447028,"0.046":0.9121447028,"0.0465":0.9121447028,"0.047":0.9121447028,"0.0475":0.9121447028,"0.048":0.9121447028,"0.0485":0.9121447028,"0.049":0.9121447028,"0.0495":0.9121447028,"0.05":0.9121447028}}