{"beatport_key\/1.0":{"66.0":-0.0435599694,"67.3030303030303":-0.0865831401,"68.60606060606061":0.0333590918,"69.9090909090909":0.2543013663,"71.21212121212122":0.5142783233,"72.51515151515152":0.7513246029,"73.81818181818181":0.9035644003,"75.12121212121212":0.935298614,"76.42424242424242":0.8732349686,"77.72727272727272":0.7531826677,"79.03030303030303":0.6109509147,"80.33333333333333":0.4823489133,"81.63636363636364":0.4028054369,"82.93939393939394":0.3878418415,"84.24242424242425":0.4236934054,"85.54545454545455":0.4942511818,"86.84848484848484":0.5834062244,"88.15151515151516":0.6750495864,"89.45454545454545":0.7535294109,"90.75757575757575":0.8123857931,"92.06060606060606":0.8536717296,"93.36363636363636":0.8797612457,"94.66666666666666":0.8930283666,"95.96969696969697":0.8958471177,"97.27272727272728":0.8905444912,"98.57575757575758":0.8789717871,"99.87878787878788":0.8627040958,"101.18181818181819":0.8433131049,"102.48484848484848":0.8223705023,"103.78787878787878":0.8014479759,"105.0909090909091":0.7820907863,"106.39393939393939":0.7656933209,"107.69696969696969":0.7535965098,"109.0":0.7471412205,"110.30303030303031":0.7476683204,"111.6060606060606":0.7565185477,"112.9090909090909":0.7742790821,"114.21212121212122":0.7990089069,"115.51515151515152":0.8282373939,"116.81818181818181":0.859493915,"118.12121212121212":0.890307842,"119.42424242424242":0.9182141813,"120.72727272727272":0.941540744,"122.03030303030303":0.9602187348,"123.33333333333333":0.9743727831,"124.63636363636363":0.9841275188,"125.93939393939394":0.9896075712,"127.24242424242425":0.9909429238,"128.54545454545456":0.9884579206,"129.84848484848484":0.9827216977,"131.15151515151516":0.9743190004,"132.45454545454544":0.9638345736,"133.75757575757575":0.9518531625,"135.06060606060606":0.9390066018,"136.36363636363637":0.9266652322,"137.66666666666666":0.9167857541,"138.96969696969697":0.9113410197,"140.27272727272725":0.9123038811,"141.57575757575756":0.9216471904,"142.87878787878788":0.9406811172,"144.1818181818182":0.965222533,"145.4848484848485":0.9883721253,"146.78787878787878":1.0032112771,"148.0909090909091":1.0028213712,"149.39393939393938":0.9802837908,"150.6969696969697":0.9310810345,"152.0":0.8621577627,"153.3030303030303":0.7838750671,"154.60606060606062":0.7065946254,"155.9090909090909":0.6406781157,"157.2121212121212":0.5964830857,"158.5151515151515":0.5808427858,"159.8181818181818":0.5906437585,"161.12121212121212":0.6210302725,"162.42424242424244":0.6671465964,"163.72727272727272":0.7241369988,"165.03030303030303":0.7871105973,"166.33333333333331":0.8483228181,"167.63636363636363":0.8951144276,"168.93939393939394":0.9143402658,"170.24242424242425":0.8928551731,"171.54545454545456":0.8175139896,"172.84848484848484":0.6758998807,"174.15151515151513":0.4749094342,"175.45454545454544":0.242293239,"176.75757575757575":0.006838894,"178.06060606060606":-0.202666002,"179.36363636363637":-0.3574338502,"180.66666666666666":-0.4309761254,"181.96969696969697":-0.4255263138,"183.27272727272725":-0.3628418912,"184.57575757575756":-0.265053436,"185.87878787878788":-0.1542915268,"187.1818181818182":-0.0526867421,"188.4848484848485":0.0201090846,"189.78787878787878":0.0614403244,"191.0909090909091":0.0757804506,"192.39393939393938":0.0676273261,"193.6969696969697":0.041478814,"195.0":0.0018327773},"beatport_key\/1.0_lowerci":{"66.0":-0.4712775514,"67.3030303030303":-0.3561013783,"68.60606060606061":-0.234450874,"69.9090909090909":-0.0184525799,"71.21212121212122":0.2509405543,"72.51515151515152":0.4883520198,"73.81818181818181":0.6328731429,"75.12121212121212":0.673578377,"76.42424242424242":0.6394227095,"77.72727272727272":0.5525770276,"79.03030303030303":0.4320500084,"80.33333333333333":0.3084184323,"81.63636363636364":0.2323701844,"82.93939393939394":0.2348889136,"84.24242424242425":0.2996992771,"85.54545454545455":0.3994322574,"86.84848484848484":0.5030455153,"88.15151515151516":0.5918676135,"89.45454545454545":0.6671253522,"90.75757575757575":0.7292434285,"92.06060606060606":0.7710447294,"93.36363636363636":0.7871056909,"94.66666666666666":0.7841643412,"95.96969696969697":0.7753805311,"97.27272727272728":0.7714406605,"98.57575757575758":0.7708798286,"99.87878787878788":0.7640545523,"101.18181818181819":0.7431780444,"102.48484848484848":0.7117117781,"103.78787878787878":0.6820212824,"105.0909090909091":0.664416289,"106.39393939393939":0.6575110991,"107.69696969696969":0.6541718794,"109.0":0.6488031516,"110.30303030303031":0.643790629,"111.6060606060606":0.6488615489,"112.9090909090909":0.6720322247,"114.21212121212122":0.7099413669,"115.51515151515152":0.7546341207,"116.81818181818181":0.7970438405,"118.12121212121212":0.8313398852,"119.42424242424242":0.8598250149,"120.72727272727272":0.8875255035,"122.03030303030303":0.9144553974,"123.33333333333333":0.9374151381,"124.63636363636363":0.95242967,"125.93939393939394":0.9587370846,"127.24242424242425":0.9603775898,"128.54545454545456":0.9586638219,"129.84848484848484":0.9498676422,"131.15151515151516":0.9335312724,"132.45454545454544":0.9141254346,"133.75757575757575":0.8966999425,"135.06060606060606":0.8849858511,"136.36363636363637":0.8786775632,"137.66666666666666":0.8741928457,"138.96969696969697":0.8689362094,"140.27272727272725":0.8658875683,"141.57575757575756":0.8718035342,"142.87878787878788":0.8899248995,"144.1818181818182":0.9107434103,"145.4848484848485":0.9237077794,"146.78787878787878":0.9255870911,"148.0909090909091":0.9152449617,"149.39393939393938":0.8888801458,"150.6969696969697":0.8373174257,"152.0":0.7545517769,"153.3030303030303":0.6494977681,"154.60606060606062":0.5430721174,"155.9090909090909":0.4568699918,"157.2121212121212":0.4088361614,"158.5151515151515":0.4029526282,"159.8181818181818":0.417423933,"161.12121212121212":0.4346162172,"162.42424242424244":0.4567980024,"163.72727272727272":0.4968517261,"165.03030303030303":0.5641514895,"166.33333333333331":0.6458403652,"167.63636363636363":0.7016108136,"168.93939393939394":0.7044770376,"170.24242424242425":0.6596074477,"171.54545454545456":0.5819980869,"172.84848484848484":0.4734534799,"174.15151515151513":0.2954284324,"175.45454545454544":-0.0084357179,"176.75757575757575":-0.3752199686,"178.06060606060606":-0.7150454571,"179.36363636363637":-0.9623402821,"180.66666666666666":-1.0664923468,"181.96969696969697":-1.037718019,"183.27272727272725":-0.9266563627,"184.57575757575756":-0.7840433691,"185.87878787878788":-0.650007482,"187.1818181818182":-0.5422555691,"188.4848484848485":-0.4580742044,"189.78787878787878":-0.3878872666,"191.0909090909091":-0.333880962,"192.39393939393938":-0.3145162441,"193.6969696969697":-0.3601110454,"195.0":-0.4864187708},"beatport_key\/1.0_upperci":{"66.0":0.3841576126,"67.3030303030303":0.1829350982,"68.60606060606061":0.3011690577,"69.9090909090909":0.5270553125,"71.21212121212122":0.7776160923,"72.51515151515152":1.014297186,"73.81818181818181":1.1742556576,"75.12121212121212":1.1970188511,"76.42424242424242":1.1070472278,"77.72727272727272":0.9537883078,"79.03030303030303":0.789851821,"80.33333333333333":0.6562793943,"81.63636363636364":0.5732406894,"82.93939393939394":0.5407947695,"84.24242424242425":0.5476875337,"85.54545454545455":0.5890701063,"86.84848484848484":0.6637669334,"88.15151515151516":0.7582315592,"89.45454545454545":0.8399334695,"90.75757575757575":0.8955281576,"92.06060606060606":0.9362987297,"93.36363636363636":0.9724168004,"94.66666666666666":1.0018923921,"95.96969696969697":1.0163137044,"97.27272727272728":1.0096483218,"98.57575757575758":0.9870637457,"99.87878787878788":0.9613536392,"101.18181818181819":0.9434481653,"102.48484848484848":0.9330292264,"103.78787878787878":0.9208746693,"105.0909090909091":0.8997652836,"106.39393939393939":0.8738755427,"107.69696969696969":0.8530211402,"109.0":0.8454792894,"110.30303030303031":0.8515460118,"111.6060606060606":0.8641755464,"112.9090909090909":0.8765259395,"114.21212121212122":0.8880764469,"115.51515151515152":0.9018406672,"116.81818181818181":0.9219439895,