{"beatport_key\/1.0":{"0.0":0.0,"1.0":0.0,"2.0":0.0,"3.0":0.0,"4.0":0.0,"5.0":0.0,"6.0":0.0,"7.0":0.0,"8.0":0.0,"9.0":0.0,"10.0":0.0,"11.0":0.0,"12.0":0.0,"13.0":0.0,"14.0":0.0,"15.0":0.0,"16.0":0.0,"17.0":0.0,"18.0":0.0,"19.0":0.0,"20.0":0.0,"21.0":0.0,"22.0":0.0,"23.0":0.0,"24.0":0.0,"25.0":0.0,"26.0":0.0,"27.0":0.0,"28.0":0.0,"29.0":0.0,"30.0":0.0,"31.0":0.0,"32.0":0.0,"33.0":0.0,"34.0":0.0,"35.0":0.0,"36.0":0.0,"37.0":0.0,"38.0":0.0,"39.0":0.0,"40.0":0.0,"41.0":0.0,"42.0":0.0,"43.0":0.0,"44.0":0.0,"45.0":0.0,"46.0":0.0,"47.0":0.0,"48.0":0.0,"49.0":0.0,"50.0":0.0,"51.0":0.0,"52.0":0.0,"53.0":0.0,"54.0":0.0,"55.0":0.0,"56.0":1.0,"57.0":1.0,"58.0":0.9964509186,"59.0":0.9964509186,"60.0":0.997338189,"61.0":0.997338189,"62.0":0.997338189,"63.0":0.997338189,"64.0":0.664892126,"65.0":0.664892126,"66.0":0.664892126,"67.0":0.5699075365,"68.0":0.5699075365,"69.0":0.4986690945,"70.0":0.5989127317,"71.0":0.5989127317,"72.0":0.5444661197,"73.0":0.5444661197,"74.0":0.6420805226,"75.0":0.5303105197,"76.0":0.4559732609,"77.0":0.4221122743,"78.0":0.399611464,"79.0":0.3432102766,"80.0":0.2875432694,"81.0":0.2730033361,"82.0":0.2570135772,"83.0":0.2642108267,"84.0":0.2555481767,"85.0":0.240284554,"86.0":0.236643879,"87.0":0.236643879,"88.0":0.2294639527,"89.0":0.2261383882,"90.0":0.2197222987,"91.0":0.1926983182,"92.0":0.1973286454,"93.0":0.1998913551,"94.0":0.1923954292,"95.0":0.1585831201,"96.0":0.1595814592,"97.0":0.1556641194,"98.0":0.1236621263,"99.0":0.1158470674,"100.0":0.1072380088,"101.0":0.10785013,"102.0":0.105990645,"103.0":0.0968254258,"104.0":0.0793374407,"105.0":0.0723780161,"106.0":0.06210526,"107.0":0.0668368207,"108.0":0.0641661705,"109.0":0.0604026166,"110.0":0.0403893468,"111.0":0.0353079694,"112.0":0.0319770289,"113.0":0.0178292303,"114.0":0.0148374287,"115.0":0.01340301,"116.0":0.0076590658,"117.0":0.0081455938,"118.0":0.004018032,"119.0":0.003644979,"120.0":0.000047238,"121.0":-0.0000316664,"122.0":-0.0037481767,"123.0":-0.0036215537,"124.0":-0.0035802551,"125.0":-0.0039869074,"126.0":-0.0050676454,"127.0":-0.0041483162,"128.0":-0.0052137723,"129.0":-0.0053088794,"130.0":-0.0194015293,"131.0":-0.0206542976,"132.0":-0.019906883,"133.0":-0.021999198,"134.0":-0.0223630261,"135.0":-0.0228362983,"136.0":-0.0256101673,"137.0":-0.0279071701,"138.0":-0.0316063534,"139.0":-0.0441079484,"140.0":-0.0474471928,"141.0":-0.0502093401,"142.0":-0.0514594657,"143.0":-0.0488498729,"144.0":-0.0552221707,"145.0":-0.0587928102,"146.0":-0.0630017339,"147.0":-0.0662118299,"148.0":-0.0727060437,"149.0":-0.0800748995,"150.0":-0.0878784376,"151.0":-0.054771704,"152.0":-0.05616402,"153.0":-0.0769897484,"154.0":-0.0824721535,"155.0":-0.0928075751,"156.0":-0.1302365886,"157.0":-0.1338542716,"158.0":-0.1414384115,"159.0":-0.1560289779,"160.0":-0.1484172432,"161.0":-0.2261078644,"162.0":-0.239408327,"163.0":-0.2537761741,"164.0":-0.3553897824,"165.0":-0.3313714203,"166.0":-0.3313714203,"167.0":-0.3497793124,"168.0":-0.3497793124,"169.0":-0.3775969521,"170.0":-0.3775969521,"171.0":-0.3331395916,"172.0":-0.3331395916,"173.0":-0.3331395916,"174.0":-0.3331395916,"175.0":-0.3082266417,"176.0":-0.3645775277,"177.0":-0.3645775277,"178.0":-0.422343207,"179.0":-0.422343207,"180.0":-0.4637213264,"181.0":-0.6551418177,"182.0":-0.6551418177,"183.0":-0.6551418177,"184.0":-0.6551418177,"185.0":-0.5988699295,"186.0":-1.0037087358,"187.0":-1.0037087358,"188.0":-1.0037087358,"189.0":-1.0037087358,"190.0":-1.0037087358,"191.0":-1.0037087358,"192.0":-1.0037087358,"193.0":-1.0037087358,"194.0":-1.0037087358,"195.0":-1.0037087358,"196.0":-1.0037087358,"197.0":-1.0037087358,"198.0":-1.0037087358,"199.0":-1.0074174716,"200.0":-1.0074174716,"201.0":-1.0074174716,"202.0":-1.0074174716,"203.0":-1.0074174716,"204.0":-1.0074174716,"205.0":-1.0074174716,"206.0":0.0,"207.0":0.0,"208.0":0.0,"209.0":0.0,"210.0":0.0,"211.0":0.0,"212.0":0.0,"213.0":0.0,"214.0":0.0,"215.0":0.0,"216.0":0.0,"217.0":0.0,"218.0":0.0,"219.0":0.0,"220.0":0.0,"221.0":0.0,"222.0":0.0,"223.0":0.0,"224.0":0.0,"225.0":0.0,"226.0":0.0,"227.0":0.0,"228.0":0.0,"229.0":0.0,"230.0":0.0,"231.0":0.0,"232.0":0.0,"233.0":0.0,"234.0":0.0,"235.0":0.0,"236.0":0.0,"237.0":0.0,"238.0":0.0,"239.0":0.0,"240.0":0.0,"241.0":0.0,"242.0":0.0,"243.0":0.0,"244.0":0.0,"245.0":0.0,"246.0":0.0,"247.0":0.0,"248.0":0.0,"249.0":0.0,"250.0":0.0,"251.0":0.0,"252.0":0.0,"253.0":0.0,"254.0":0.0,"255.0":0.0,"256.0":0.0,"257.0":0.0,"258.0":0.0,"259.0":0.0,"260.0":0.0,"261.0":0.0,"262.0":0.0,"263.0":0.0,"264.0":0.0,"265.0":0.0,"266.0":0.0,"267.0":0.0,"268.0":0.0,"269.0":0.0,"270.0":0.0,"271.0":0.0,"272.0":0.0,"273.0":0.0,"274.0":0.0,"275.0":0.0,"276.0":0.0,"277.0":0.0,"278.0":0.0,"279.0":0.0,"280.0":0.0,"281.0":0.0,"282.0":0.0,"283.0":0.0,"284.0":0.0,"285.0":0.0,"286.0":0.0,"287.0":0.0,"288.0":0.0,"289.0":0.0,"290.0":0.0,"291.0":0.0,"292.0":0.0,"293.0":0.0,"294.0":0.0,"295.0":0.0,"296.0":0.0,"297.0":0.0,"298.0":0.0,"299.0":0.0,"300.0":0.0}}