Estimator,Size,Min,Max,Avg,Stdev,Sweet Oct. Start,Sweet Oct. Coverage
beatport_key/1.0,774,65.0,186.0,126.70542635658914,17.966363469332446,85.0,0.9612403100775194
