Estimator,AOE1_MEAN,AOE1_STDEV,AOE2_MEAN,AOE2_STDEV
beatport_key/1.0,0.06642964828520444,0.2242506650051128,0.01744435323240897,0.0719510826030891
