{"beatport_key\/1.0":{"0.0":0.0,"1.0":0.0,"2.0":0.0,"3.0":0.0,"4.0":0.0,"5.0":0.0,"6.0":0.0,"7.0":0.0,"8.0":0.0,"9.0":0.0,"10.0":0.0,"11.0":0.0,"12.0":0.0,"13.0":0.0,"14.0":0.0,"15.0":0.0,"16.0":0.0,"17.0":0.0,"18.0":0.0,"19.0":0.0,"20.0":0.0,"21.0":0.0,"22.0":0.0,"23.0":0.0,"24.0":0.0,"25.0":0.0,"26.0":0.0,"27.0":0.0,"28.0":0.0,"29.0":0.0,"30.0":0.0,"31.0":0.0,"32.0":0.0,"33.0":0.0,"34.0":0.0,"35.0":0.0,"36.0":0.0,"37.0":0.0,"38.0":0.0,"39.0":0.0,"40.0":0.0,"41.0":0.0,"42.0":0.0,"43.0":0.0,"44.0":0.0,"45.0":0.0,"46.0":0.0,"47.0":0.0,"48.0":0.0,"49.0":0.0,"50.0":0.0,"51.0":0.0,"52.0":0.0,"53.0":0.0,"54.0":0.0,"55.0":0.0,"56.0":0.0,"57.0":0.0,"58.0":0.0035490814,"59.0":0.0035490814,"60.0":0.002661811,"61.0":0.002661811,"62.0":0.002661811,"63.0":0.002661811,"64.0":0.0017745407,"65.0":0.0017745407,"66.0":0.0017745407,"67.0":0.0015210349,"68.0":0.0015210349,"69.0":0.0013309055,"70.0":0.0046716499,"71.0":0.0046716499,"72.0":0.0042469544,"73.0":0.0042469544,"74.0":0.0033368928,"75.0":0.027236359,"76.0":0.0398299181,"77.0":0.0590429363,"78.0":0.0596473399,"79.0":0.0763356395,"80.0":0.0597025452,"81.0":0.0609209645,"82.0":0.0535843592,"83.0":0.0650153516,"84.0":0.0628837007,"85.0":0.0594763535,"86.0":0.0585751966,"87.0":0.0585751966,"88.0":0.0575029964,"89.0":0.0566696197,"90.0":0.0578785544,"91.0":0.057391132,"92.0":0.0655767304,"93.0":0.0664283763,"94.0":0.0639373122,"95.0":0.0681079644,"96.0":0.0659142964,"97.0":0.0680547942,"98.0":0.0612999503,"99.0":0.0647788958,"100.0":0.0552491029,"101.0":0.066039586,"102.0":0.0649009724,"103.0":0.0712112196,"104.0":0.0601632848,"105.0":0.0548858036,"106.0":0.0722263007,"107.0":0.0756183444,"108.0":0.072548534,"109.0":0.0800992426,"110.0":0.0535204309,"111.0":0.0517982754,"112.0":0.0469116456,"113.0":0.034319946,"114.0":0.0296791458,"115.0":0.0253518607,"116.0":0.0228198414,"117.0":0.021136672,"118.0":0.0140765895,"119.0":0.0136937314,"120.0":0.0120459045,"121.0":0.0119540822,"122.0":0.0109819082,"123.0":0.0109547116,"124.0":0.0106744787,"125.0":0.0100501015,"126.0":0.0113563717,"127.0":0.0089461203,"128.0":0.0076970377,"129.0":0.0076898345,"130.0":0.0058841889,"131.0":0.006259475,"132.0":0.0059657378,"133.0":0.0061341581,"134.0":0.0061164621,"135.0":0.0062507753,"136.0":0.0060179938,"137.0":0.0044743585,"138.0":0.0037445441,"139.0":0.0050687318,"140.0":0.0054808073,"141.0":0.0059056728,"142.0":0.0059584019,"143.0":0.006218972,"144.0":0.0061381956,"145.0":0.0064365701,"146.0":0.0067989175,"147.0":0.0031711882,"148.0":0.0032376063,"149.0":0.0035657421,"150.0":0.0034718945,"151.0":0.0056426665,"152.0":0.0056553359,"153.0":0.0073985786,"154.0":0.0076374161,"155.0":0.0095009806,"156.0":0.0098335782,"157.0":0.0101067332,"158.0":0.0104116061,"159.0":0.0110685907,"160.0":0.0116574752,"161.0":0.0118068971,"162.0":0.0125014205,"163.0":0.0126875859,"164.0":0.0127755961,"165.0":0.0357173104,"166.0":0.0357173104,"167.0":0.0366298778,"168.0":0.0366298778,"169.0":0.0451880221,"170.0":0.0451880221,"171.0":0.0484157379,"172.0":0.0484157379,"173.0":0.0484157379,"174.0":0.0484157379,"175.0":0.0535879094,"176.0":0.059011049,"177.0":0.059011049,"178.0":0.0536464082,"179.0":0.0536464082,"180.0":0.0581548477,"181.0":0.0757611338,"182.0":0.0757611338,"183.0":0.0757611338,"184.0":0.0757611338,"185.0":0.0840964241,"186.0":0.0037087358,"187.0":0.0037087358,"188.0":0.0037087358,"189.0":0.0037087358,"190.0":0.0037087358,"191.0":0.0037087358,"192.0":0.0037087358,"193.0":0.0037087358,"194.0":0.0037087358,"195.0":0.0037087358,"196.0":0.0037087358,"197.0":0.0037087358,"198.0":0.0037087358,"199.0":0.0074174716,"200.0":0.0074174716,"201.0":0.0074174716,"202.0":0.0074174716,"203.0":0.0074174716,"204.0":0.0074174716,"205.0":0.0074174716,"206.0":0.0,"207.0":0.0,"208.0":0.0,"209.0":0.0,"210.0":0.0,"211.0":0.0,"212.0":0.0,"213.0":0.0,"214.0":0.0,"215.0":0.0,"216.0":0.0,"217.0":0.0,"218.0":0.0,"219.0":0.0,"220.0":0.0,"221.0":0.0,"222.0":0.0,"223.0":0.0,"224.0":0.0,"225.0":0.0,"226.0":0.0,"227.0":0.0,"228.0":0.0,"229.0":0.0,"230.0":0.0,"231.0":0.0,"232.0":0.0,"233.0":0.0,"234.0":0.0,"235.0":0.0,"236.0":0.0,"237.0":0.0,"238.0":0.0,"239.0":0.0,"240.0":0.0,"241.0":0.0,"242.0":0.0,"243.0":0.0,"244.0":0.0,"245.0":0.0,"246.0":0.0,"247.0":0.0,"248.0":0.0,"249.0":0.0,"250.0":0.0,"251.0":0.0,"252.0":0.0,"253.0":0.0,"254.0":0.0,"255.0":0.0,"256.0":0.0,"257.0":0.0,"258.0":0.0,"259.0":0.0,"260.0":0.0,"261.0":0.0,"262.0":0.0,"263.0":0.0,"264.0":0.0,"265.0":0.0,"266.0":0.0,"267.0":0.0,"268.0":0.0,"269.0":0.0,"270.0":0.0,"271.0":0.0,"272.0":0.0,"273.0":0.0,"274.0":0.0,"275.0":0.0,"276.0":0.0,"277.0":0.0,"278.0":0.0,"279.0":0.0,"280.0":0.0,"281.0":0.0,"282.0":0.0,"283.0":0.0,"284.0":0.0,"285.0":0.0,"286.0":0.0,"287.0":0.0,"288.0":0.0,"289.0":0.0,"290.0":0.0,"291.0":0.0,"292.0":0.0,"293.0":0.0,"294.0":0.0,"295.0":0.0,"296.0":0.0,"297.0":0.0,"298.0":0.0,"299.0":0.0,"300.0":0.0}}