{"beatport_key\/1.0":{"0.0":0.7118863049,"0.0005":0.7118863049,"0.001":0.7118863049,"0.0015":0.7118863049,"0.002":0.7118863049,"0.0025":0.7118863049,"0.003":0.7118863049,"0.0035":0.7118863049,"0.004":0.7118863049,"0.0045":0.7118863049,"0.005":0.7118863049,"0.0055":0.7131782946,"0.006":0.7222222222,"0.0065":0.7222222222,"0.007":0.7687338501,"0.0075":0.7919896641,"0.008":0.8708010336,"0.0085":0.8953488372,"0.009":0.9018087855,"0.0095":0.9043927649,"0.01":0.9095607235,"0.0105":0.9134366925,"0.011":0.9160206718,"0.0115":0.9237726098,"0.012":0.9302325581,"0.0125":0.9328165375,"0.013":0.9354005168,"0.0135":0.9366925065,"0.014":0.9379844961,"0.0145":0.9379844961,"0.015":0.9379844961,"0.0155":0.9431524548,"0.016":0.9444444444,"0.0165":0.9444444444,"0.017":0.9457364341,"0.0175":0.9483204134,"0.018":0.9483204134,"0.0185":0.9509043928,"0.019":0.9509043928,"0.0195":0.9509043928,"0.02":0.9509043928,"0.0205":0.9509043928,"0.021":0.9509043928,"0.0215":0.9521963824,"0.022":0.9521963824,"0.0225":0.9521963824,"0.023":0.9521963824,"0.0235":0.9547803618,"0.024":0.9547803618,"0.0245":0.9560723514,"0.025":0.9560723514,"0.0255":0.9560723514,"0.026":0.9560723514,"0.0265":0.9560723514,"0.027":0.9573643411,"0.0275":0.9573643411,"0.028":0.9573643411,"0.0285":0.9573643411,"0.029":0.9573643411,"0.0295":0.9573643411,"0.03":0.9573643411,"0.0305":0.9573643411,"0.031":0.9573643411,"0.0315":0.9573643411,"0.032":0.9573643411,"0.0325":0.9573643411,"0.033":0.9573643411,"0.0335":0.9586563307,"0.034":0.9586563307,"0.0345":0.9586563307,"0.035":0.9586563307,"0.0355":0.9586563307,"0.036":0.9586563307,"0.0365":0.9586563307,"0.037":0.9586563307,"0.0375":0.9586563307,"0.038":0.9586563307,"0.0385":0.9586563307,"0.039":0.9586563307,"0.0395":0.9586563307,"0.04":0.9586563307,"0.0405":0.9586563307,"0.041":0.9586563307,"0.0415":0.9586563307,"0.042":0.9586563307,"0.0425":0.9586563307,"0.043":0.9586563307,"0.0435":0.9586563307,"0.044":0.9586563307,"0.0445":0.9586563307,"0.045":0.9586563307,"0.0455":0.9586563307,"0.046":0.9586563307,"0.0465":0.9586563307,"0.047":0.9586563307,"0.0475":0.9586563307,"0.048":0.9586563307,"0.0485":0.9586563307,"0.049":0.9586563307,"0.0495":0.9586563307,"0.05":0.9586563307}}