{"OE1_MEAN":{"beatport_key\/1.0":-0.0076787617},"OE1_STDEV":{"beatport_key\/1.0":0.2909225301},"OE2_MEAN":{"beatport_key\/1.0":-0.0076787617},"OE2_STDEV":{"beatport_key\/1.0":0.0627564321}}