{"beatport_key\/1.0":{"66.0":-0.0466288701,"67.3030303030303":-0.068196253,"68.60606060606061":0.0435785611,"69.9090909090909":0.2396145713,"71.21212121212122":0.4708307767,"72.51515151515152":0.6881461765,"73.81818181818181":0.8425461124,"75.12121212121212":0.9044075781,"76.42424242424242":0.8903384255,"77.72727272727272":0.8236888653,"79.03030303030303":0.727809108,"80.33333333333333":0.6260493642,"81.63636363636364":0.5415704683,"82.93939393939394":0.4876234528,"84.24242424242425":0.4628809028,"85.54545454545455":0.464848461,"86.84848484848484":0.4910317705,"88.15151515151516":0.5389364743,"89.45454545454545":0.6058911581,"90.75757575757575":0.6856638377,"92.06060606060606":0.7687249936,"93.36363636363636":0.8454207538,"94.66666666666666":0.9060972461,"95.96969696969697":0.9411005983,"97.27272727272728":0.9419893387,"98.57575757575758":0.9125842193,"99.87878787878788":0.8638260386,"101.18181818181819":0.8067432973,"102.48484848484848":0.7523644962,"103.78787878787878":0.7117181362,"105.0909090909091":0.6939114068,"106.39393939393939":0.6970826595,"107.69696969696969":0.7154837888,"109.0":0.7433621349,"110.30303030303031":0.7749650382,"111.6060606060606":0.8045400999,"112.9090909090909":0.8278559724,"114.21212121212122":0.8457844507,"115.51515151515152":0.8602663461,"116.81818181818181":0.8732424697,"118.12121212121212":0.8866536327,"119.42424242424242":0.9024326596,"120.72727272727272":0.9213886388,"122.03030303030303":0.9420579785,"123.33333333333333":0.9627029227,"124.63636363636363":0.9815857154,"125.93939393939394":0.9969686007,"127.24242424242425":1.0071358843,"128.54545454545456":1.0111727844,"129.84848484848484":1.0091732491,"131.15151515151516":1.0012955468,"132.45454545454544":0.9876979457,"133.75757575757575":0.968538714,"135.06060606060606":0.9441389614,"136.36363636363637":0.9173736397,"137.66666666666666":0.893145402,"138.96969696969697":0.8764127559,"140.27272727272725":0.8721342093,"141.57575757575756":0.8852682699,"142.87878787878788":0.9191343363,"144.1818181818182":0.9634644361,"145.4848484848485":1.001272264,"146.78787878787878":1.0155237663,"148.0909090909091":0.9891848894,"149.39393939393938":0.9052215799,"150.6969696969697":0.7536912824,"152.0":0.5585039971,"153.3030303030303":0.3536598738,"154.60606060606062":0.1731607934,"155.9090909090909":0.051008637,"157.2121212121212":0.0211848885,"158.5151515151515":0.1002646087,"159.8181818181818":0.2556963084,"161.12121212121212":0.4463234483,"162.42424242424244":0.630989489,"163.72727272727272":0.7685378911,"165.03030303030303":0.8181575008,"166.33333333333331":0.7670769372,"167.63636363636363":0.650815233,"168.93939393939394":0.5096660295,"170.24242424242425":0.3839229679,"171.54545454545456":0.3138796896,"172.84848484848484":0.3384085657,"174.15151515151513":0.4586933302,"175.45454545454544":0.6352227606,"176.75757575757575":0.8264619899,"178.06060606060606":0.9908761514,"179.36363636363637":1.0869303785,"180.66666666666666":1.0764270272,"181.96969696969697":0.9628599213,"183.27272727272725":0.7780629532,"184.57575757575756":0.554411593,"185.87878787878788":0.3242813107,"187.1818181818182":0.1200475767,"188.4848484848485":-0.0294706745,"189.78787878787878":-0.1198408836,"191.0909090909091":-0.1568594188,"192.39393939393938":-0.1463576438,"193.6969696969697":-0.0941669219,"195.0":-0.0061186166},"beatport_key\/1.0_lowerci":{"66.0":-0.4818057848,"67.3030303030303":-0.3424148503,"68.60606060606061":-0.2289019718,"69.9090909090909":-0.0378961643,"71.21212121212122":0.2029004351,"72.51515151515152":0.4205873896,"73.81818181818181":0.5671340387,"75.12121212121212":0.638122978,"76.42424242424242":0.6524485144,"77.72727272727272":0.6195846919,"79.03030303030303":0.5457881958,"80.33333333333333":0.4490855607,"81.63636363636364":0.3681628496,"82.93939393939394":0.332003048,"84.24242424242425":0.3367243348,"85.54545454545455":0.3683759082,"86.84848484848484":0.4092695823,"88.15151515151516":0.4543038199,"89.45454545454545":0.5179802252,"90.75757575757575":0.6010714824,"92.06060606060606":0.6846569905,"93.36363636363636":0.7511492996,"94.66666666666666":0.7953346478,"95.96969696969697":0.8185330918,"97.27272727272728":0.8208083545,"98.57575757575758":0.8026071527,"99.87878787878788":0.7634560614,"101.18181818181819":0.7048618959,"102.48484848484848":0.6397758999,"103.78787878787878":0.5902086585,"105.0909090909091":0.5741846832,"106.39393939393939":0.5870137554,"107.69696969696969":0.6143252072,"109.0":0.6433090643,"110.30303030303031":0.6692757349,"111.6060606060606":0.6950055787,"112.9090909090909":0.7238259446,"114.21212121212122":0.7551635857,"115.51515151515152":0.7853794424,"116.81818181818181":0.809703275,"118.12121212121212":0.8266572832,"119.42424242424242":0.8430251946,"120.72727272727272":0.8664313803,"122.03030303030303":0.8954965351,"123.33333333333333":0.9251007417,"124.63636363636363":0.9493350608,"125.93939393939394":0.9655597373,"127.24242424242425":0.9760374953,"128.54545454545456":0.980859081,"129.84848484848484":0.9757462236,"131.15151515151516":0.9597964867,"132.45454545454544":0.9371218865,"133.75757575757575":0.9124236298,"135.06060606060606":0.8891760967,"136.36363636363637":0.8685490727,"137.66666666666666":0.8498096794,"138.96969696969697":0.8332684119,"140.27272727272725":0.8249084028,"141.57575757575756":0.8345553476,"142.87878787878788":0.8674929376,"144.1818181818182":0.9080352054,"145.4848484848485":0.9354801812,"146.78787878787878":0.9365458258,"148.0909090909091":0.90008116,"149.39393939393938":0.8122238685,"150.6969696969697":0.6582924498,"152.0":0.4490213786,"153.3030303030303":0.2169390542,"154.60606060606062":0.0067864765,"155.9090909090909":-0.1360050739,"157.2121212121212":-0.1697345711,"158.5151515151515":-0.0807279275,"159.8181818181818":0.0794555541,"161.12121212121212":0.2566583588,"162.42424242424244":0.4169724459,"163.72727272727272":0.5372887962,"165.03030303030303":0.5913100183,"166.33333333333331":0.5610632196,"167.63636363636363":0.453936944,"168.93939393939394":0.2961428169,"170.24242424242425":0.1466074359,"171.54545454545456":0.0742564236,"172.84848484848484":0.132431529,"174.15151515151513":0.2760822057,"175.45454545454544":0.3801211269,"176.75757575757575":0.437740076,"178.06060606060606":0.4695608729,"179.36363636363637":0.471474466,"180.66666666666666":0.4298274949,"181.96969696969697":0.3399916814,"183.27272727272725":0.2044156389,"184.57575757575756":0.0263705505,"185.87878787878788":-0.180079859,"187.1818181818182":-0.3780592599,"188.4848484848485":-0.5159934109,"189.78787878787878":-0.5770046828,"191.0909090909091":-0.5736652672,"192.39393939393938":-0.5351657425,"193.6969696969697":-0.5027604503,"195.0":-0.502885201},"beatport_key\/1.0_upperci":{"66.0":0.3885480447,"67.3030303030303":0.2060223444,"68.60606060606061":0.316059094,"69.9090909090909":0.5171253068,"71.21212121212122":0.7387611183,"72.51515151515152":0.9557049634,"73.81818181818181":1.1179581861,"75.12121212121212":1.1706921782,"76.42424242424242":1.1282283366,"77.72727272727272":1.0277930387,"79.03030303030303":0.9098300202,"80.33333333333333":0.8030131676,"81.63636363636364":0.714978087,"82.93939393939394":0.6432438577,"84.24242424242425":0.5890374707,"85.54545454545455":0.5613210138,"86.84848484848484":0.5727939588,"88.15151515151516":0.6235691287,"89.45454545454545":0.693802091,"90.75757575757575":0.770256193,"92.06060606060606":0.8527929967,"93.36363636363636":0.939692208,"94.66666666666666":1.0168598444,"95.96969696969697":1.0636681047,"97.27272727272728":1.0631703228,"98.57575757575758":1.022561286,"99.87878787878788":0.9641960158,"101.18181818181819":0.9086246987,"102.48484848484848":0.8649530925,"103.78787878787878":0.8332276139,"105.0909090909091":0.8136381303,"106.39393939393939":0.8071515635,"107.69696969696969":0.8166423703,"109.0":0.8434152056,"110.30303030303031":0.8806543415,"111.6060606060606":0.9140746211,"112.9090909090909":0.9318860001,"114.21212121212122":0.9364053157,"115.51515151515152":0.9351532498,"116.81818181818181":0.9367816644,