{"Accuracy1":{"beatport_key\/1.0":0.8979328165},"Accuracy2":{"beatport_key\/1.0":0.976744186}}