Estimator,Size,Min,Max,Avg,Stdev,Sweet Oct. Start,Sweet Oct. Coverage
beatport_key/1.0,774,60.0,184.0,126.2467700258398,20.31268719846277,76.0,0.9186046511627907
