{"beatport_key\/1.0":{"66.0":0.0103117556,"67.3030303030303":0.0097602129,"68.60606060606061":0.0091868833,"69.9090909090909":0.0085784468,"71.21212121212122":0.0079215832,"72.51515151515152":0.0072029726,"73.81818181818181":0.006409286,"75.12121212121212":0.0055246468,"76.42424242424242":0.0045271042,"77.72727272727272":0.0033938216,"79.03030303030303":0.0021019623,"80.33333333333333":0.0006286895,"81.63636363636364":-0.001048649,"82.93939393939394":-0.0029430627,"84.24242424242425":-0.0050533748,"85.54545454545455":-0.0073772732,"86.84848484848484":-0.0099124456,"88.15151515151516":-0.0126565799,"89.45454545454545":-0.0156063228,"90.75757575757575":-0.0187373892,"92.06060606060606":-0.0220061082,"93.36363636363636":-0.0253680777,"94.66666666666666":-0.0287788958,"95.96969696969697":-0.0321941603,"97.27272727272728":-0.0355671316,"98.57575757575758":-0.0388274262,"99.87878787878788":-0.041890932,"101.18181818181819":-0.0446733676,"102.48484848484848":-0.0470904518,"103.78787878787878":-0.0490579033,"105.0909090909091":-0.0504979779,"106.39393939393939":-0.0513702513,"107.69696969696969":-0.0516475226,"109.0":-0.0513026063,"110.30303030303031":-0.0503083169,"111.6060606060606":-0.0486374728,"112.9090909090909":-0.046285658,"114.21212121212122":-0.0433248363,"115.51515151515152":-0.039842971,"116.81818181818181":-0.0359280258,"118.12121212121212":-0.0316679642,"119.42424242424242":-0.0271509081,"120.72727272727272":-0.0224872342,"122.03030303030303":-0.017832329,"123.33333333333333":-0.0133470083,"124.63636363636363":-0.0091920884,"125.93939393939394":-0.0055283851,"127.24242424242425":-0.0025138538,"128.54545454545456":-0.0002025932,"129.84848484848484":0.0014821027,"131.15151515151516":0.0026252802,"132.45454545454544":0.003311986,"133.75757575757575":0.0036272664,"135.06060606060606":0.0036550165,"136.36363636363637":0.0034610712,"137.66666666666666":0.0030969267,"138.96969696969697":0.0026136837,"140.27272727272725":0.0020624433,"141.57575757575756":0.0014943064,"142.87878787878788":0.0009564186,"144.1818181818182":0.0004631381,"145.4848484848485":0.0000126108,"146.78787878787878":-0.0003971323,"148.0909090909091":-0.0007680603,"149.39393939393938":-0.0011021425,"150.6969696969697":-0.0014014946,"152.0":-0.0016689326,"153.3030303030303":-0.0019074813,"154.60606060606062":-0.0021201653,"155.9090909090909":-0.0023100095,"157.2121212121212":-0.0024800379,"158.5151515151515":-0.0026327757,"159.8181818181818":-0.002769339,"161.12121212121212":-0.0028905973,"162.42424242424244":-0.0029974199,"163.72727272727272":-0.0030906765,"165.03030303030303":-0.0031712404,"166.33333333333331":-0.0032403159,"167.63636363636363":-0.0032996765,"168.93939393939394":-0.003351152,"170.24242424242425":-0.0033965724,"171.54545454545456":-0.0034377675,"172.84848484848484":-0.0034765489,"174.15151515151513":-0.0035142424,"175.45454545454544":-0.0035516496,"176.75757575757575":-0.0035895459,"178.06060606060606":-0.0036287069,"179.36363636363637":-0.0036699079,"180.66666666666666":-0.0037138966,"181.96969696969697":-0.0037610729,"183.27272727272725":-0.0038116003,"184.57575757575756":-0.0038656377,"185.87878787878788":-0.0039233441,"187.1818181818182":-0.0039848785,"188.4848484848485":-0.0040503357,"189.78787878787878":-0.0041193709,"191.0909090909091":-0.0041914546,"192.39393939393938":-0.004266057,"193.6969696969697":-0.0043426479,"195.0":-0.0044206975},"beatport_key\/1.0_lowerci":{"66.0":-0.0353954114,"67.3030303030303":-0.032852937,"68.60606060606061":-0.0304100099,"69.9090909090909":-0.0280984108,"71.21212121212122":-0.0259493331,"72.51515151515152":-0.0239931717,"73.81818181818181":-0.0222593551,"75.12121212121212":-0.0207801597,"76.42424242424242":-0.0195955721,"77.72727272727272":-0.0187437916,"79.03030303030303":-0.0182582536,"80.33333333333333":-0.018166111,"81.63636363636364":-0.0184871959,"82.93939393939394":-0.0192287234,"84.24242424242425":-0.0203844074,"85.54545454545455":-0.0219418378,"86.84848484848484":-0.0238818814,"88.15151515151516":-0.0261792017,"89.45454545454545":-0.0288043499,"90.75757575757575":-0.0317150754,"92.06060606060606":-0.0348573974,"93.36363636363636":-0.0381738165,"94.66666666666666":-0.0416014052,"95.96969696969697":-0.0450717546,"97.27272727272728":-0.0485117963,"98.57575757575758":-0.0518354837,"99.87878787878788":-0.0549498714,"101.18181818181819":-0.0577601917,"102.48484848484848":-0.0601686278,"103.78787878787878":-0.0620745869,"105.0909090909091":-0.0633858108,"106.39393939393939":-0.0640644068,"107.69696969696969":-0.0640907814,"109.0":-0.0634417821,"110.30303030303031":-0.0620890904,"111.6060606060606":-0.05999932,"112.9090909090909":-0.0571643195,"114.21212121212122":-0.0536705048,"115.51515151515152":-0.0496226386,"116.81818181818181":-0.0451208732,"118.12121212121212":-0.0402594134,"119.42424242424242":-0.0351284754,"120.72727272727272":-0.0298534426,"122.03030303030303":-0.0246339285,"123.33333333333333":-0.0196770263,"124.63636363636363":-0.0151751554,"125.93939393939394":-0.0112944941,"127.24242424242425":-0.0081724315,"128.54545454545456":-0.0058452403,"129.84848484848484":-0.0042360303,"131.15151515151516":-0.0032522555,"132.45454545454544":-0.0027866964,"133.75757575757575":-0.0027217077,"135.06060606060606":-0.0029429851,"136.36363636363637":-0.0033866765,"137.66666666666666":-0.0040253064,"138.96969696969697":-0.0048257406,"140.27272727272725":-0.0057435522,"141.57575757575756":-0.0067250957,"142.87878787878788":-0.007720435,"144.1818181818182":-0.0087298899,"145.4848484848485":-0.0097697513,"146.78787878787878":-0.0108418117,"148.0909090909091":-0.0119337507,"149.39393939393938":-0.0130238751,"150.6969696969697":-0.0140910869,"152.0":-0.0151323621,"153.3030303030303":-0.0161496223,"154.60606060606062":-0.0171427009,"155.9090909090909":-0.0181090274,"157.2121212121212":-0.0190445885,"158.5151515151515":-0.0199486775,"159.8181818181818":-0.0208297636,"161.12121212121212":-0.0216967825,"162.42424242424244":-0.0225569982,"163.72727272727272":-0.0234162619,"165.03030303030303":-0.0242799551,"166.33333333333331":-0.0251580041,"167.63636363636363":-0.0260673206,"168.93939393939394":-0.0270245435,"170.24242424242425":-0.028045043,"171.54545454545456":-0.0291431341,"172.84848484848484":-0.0303328258,"174.15151515151513":-0.0316317984,"175.45454545454544":-0.0330606409,"176.75757575757575":-0.0346376491,"178.06060606060606":-0.0363777091,"179.36363636363637":-0.0382918622,"180.66666666666666":-0.0403873741,"181.96969696969697":-0.04266859,"183.27272727272725":-0.045135918,"184.57575757575756":-0.0477852484,"185.87878787878788":-0.0506085497,"187.1818181818182":-0.0535946021,"188.4848484848485":-0.056729966,"189.78787878787878":-0.0600011257,"191.0909090909091":-0.0633944032,"192.39393939393938":-0.0668955909,"193.6969696969697":-0.0704900977,"195.0":-0.074163078},"beatport_key\/1.0_upperci":{"66.0":0.0560189226,"67.3030303030303":0.0523733627,"68.60606060606061":0.0487837764,"69.9090909090909":0.0452553044,"71.21212121212122":0.0417924996,"72.51515151515152":0.0383991169,"73.81818181818181":0.035077927,"75.12121212121212":0.0318294533,"76.42424242424242":0.0286497806,"77.72727272727272":0.0255314349,"79.03030303030303":0.0224621782,"80.33333333333333":0.01942349,"81.63636363636364":0.0163898979,"82.93939393939394":0.013342598,"84.24242424242425":0.0102776577,"85.54545454545455":0.0071872913,"86.84848484848484":0.0040569902,"88.15151515151516":0.000866042,"89.45454545454545":-0.0024082957,"90.75757575757575":-0.005759703,"92.06060606060606":-0.009154819,"93.36363636363636":-0.012562339,"94.66666666666666":-0.0159563863,"95.96969696969697":-0.019316566,"97.27272727272728":-0.0226224669,"98.57575757575758":-0.0258193688,"99.87878787878788":-0.0288319926,"101.18181818181819":-0.0315865435,"102.48484848484848":-0.0340122758,"103.78787878787878":-0.0360412197,"105.0909090909091":-0.0376101449,"106.39393939393939":-0.0386760959,"107.69696969696969":-0.0392042639,"109.0":-0.0391634305,"110.30303030303031":-0.0385275434,