{"beatport_key\/1.0":{"0.0":0.0,"1.0":0.0,"2.0":0.0,"3.0":0.0,"4.0":0.0,"5.0":0.0,"6.0":0.0,"7.0":0.0,"8.0":0.0,"9.0":0.0,"10.0":0.0,"11.0":0.0,"12.0":0.0,"13.0":0.0,"14.0":0.0,"15.0":0.0,"16.0":0.0,"17.0":0.0,"18.0":0.0,"19.0":0.0,"20.0":0.0,"21.0":0.0,"22.0":0.0,"23.0":0.0,"24.0":0.0,"25.0":0.0,"26.0":0.0,"27.0":0.0,"28.0":0.0,"29.0":0.0,"30.0":0.0,"31.0":0.0,"32.0":0.0,"33.0":0.0,"34.0":0.0,"35.0":0.0,"36.0":0.0,"37.0":0.0,"38.0":0.0,"39.0":0.0,"40.0":0.0,"41.0":0.0,"42.0":0.0,"43.0":0.0,"44.0":0.0,"45.0":0.0,"46.0":0.0,"47.0":0.0,"48.0":0.0,"49.0":0.0,"50.0":0.0,"51.0":0.0,"52.0":0.0,"53.0":0.0,"54.0":0.0,"55.0":0.0,"56.0":0.0,"57.0":0.0,"58.0":-0.0071245503,"59.0":-0.0071245503,"60.0":-0.0053434127,"61.0":-0.0053434127,"62.0":-0.0053434127,"63.0":-0.0053434127,"64.0":-0.0035622751,"65.0":-0.0035622751,"66.0":-0.0035622751,"67.0":-0.0030533787,"68.0":-0.0030533787,"69.0":-0.0026717063,"70.0":-0.0021373651,"71.0":-0.0021373651,"72.0":-0.0019430592,"73.0":-0.0019430592,"74.0":-0.0027608316,"75.0":-0.003095842,"76.0":-0.0019734034,"77.0":-0.0012610989,"78.0":-0.0017722971,"79.0":-0.000675767,"80.0":-0.0008494916,"81.0":-0.0008668282,"82.0":-0.0007584746,"83.0":-0.0146140029,"84.0":-0.0141348552,"85.0":-0.013265018,"86.0":-0.0130640329,"87.0":-0.0130640329,"88.0":-0.0128973996,"89.0":-0.0127104807,"90.0":-0.0055723636,"91.0":-0.005766354,"92.0":-0.0158716384,"93.0":-0.0160777636,"94.0":-0.0206628162,"95.0":-0.0247870383,"96.0":-0.0258392773,"97.0":-0.0325782132,"98.0":-0.0355309218,"99.0":-0.0324253302,"100.0":-0.0348150917,"101.0":-0.0443329362,"102.0":-0.0435685752,"103.0":-0.0479207812,"104.0":-0.033077881,"105.0":-0.0301763125,"106.0":-0.0572915222,"107.0":-0.0603071971,"108.0":-0.0573814955,"109.0":-0.0701031232,"110.0":-0.0467354154,"111.0":-0.0574842139,"112.0":-0.0519257476,"113.0":-0.0384659971,"114.0":-0.0323644941,"115.0":-0.023311968,"116.0":-0.017456068,"117.0":-0.0147712692,"118.0":-0.0093410513,"119.0":-0.0088635618,"120.0":-0.0088640159,"121.0":-0.0087388769,"122.0":-0.0077157991,"123.0":-0.0075839249,"124.0":-0.0073671519,"125.0":-0.007157583,"126.0":-0.0070499142,"127.0":-0.0034949732,"128.0":-0.0025369493,"129.0":-0.0025626343,"130.0":-0.0006810288,"131.0":-0.0007248777,"132.0":0.0001291023,"133.0":0.0001502927,"134.0":0.0001539069,"135.0":0.0001762501,"136.0":0.0002179668,"137.0":0.0002405718,"138.0":0.0002285519,"139.0":0.0002363693,"140.0":0.0000759044,"141.0":0.0000458452,"142.0":0.0000470843,"143.0":0.0000046373,"144.0":-0.0000471845,"145.0":-0.0000503301,"146.0":-0.0000542231,"147.0":0.0000700007,"148.0":0.0000060598,"149.0":0.0000066739,"150.0":0.0000067653,"151.0":0.0000112243,"152.0":0.0000114854,"153.0":0.0000156784,"154.0":-0.0003032165,"155.0":-0.0006695063,"156.0":-0.0012270082,"157.0":-0.0012610918,"158.0":-0.0013352736,"159.0":-0.0017778858,"160.0":-0.0019280593,"161.0":-0.0029986549,"162.0":-0.0026111611,"163.0":-0.0027743587,"164.0":-0.0020546712,"165.0":-0.0025732321,"166.0":-0.0025732321,"167.0":-0.0027086654,"168.0":-0.0027086654,"169.0":-0.0034309761,"170.0":-0.0034309761,"171.0":-0.0036760459,"172.0":-0.0036760459,"173.0":-0.0036760459,"174.0":-0.0036760459,"175.0":-0.0035533993,"176.0":-0.0025046732,"177.0":-0.0025046732,"178.0":-0.0022769756,"179.0":-0.0022769756,"180.0":-0.0025046732,"181.0":-0.002362176,"182.0":-0.002362176,"183.0":-0.002362176,"184.0":-0.002362176,"185.0":-0.0039921173,"186.0":-0.0037087358,"187.0":-0.0037087358,"188.0":-0.0037087358,"189.0":-0.0037087358,"190.0":-0.0037087358,"191.0":-0.0037087358,"192.0":-0.0037087358,"193.0":-0.0037087358,"194.0":-0.0037087358,"195.0":-0.0037087358,"196.0":-0.0037087358,"197.0":-0.0037087358,"198.0":-0.0037087358,"199.0":-0.0074174716,"200.0":-0.0074174716,"201.0":-0.0074174716,"202.0":-0.0074174716,"203.0":-0.0074174716,"204.0":-0.0074174716,"205.0":-0.0074174716,"206.0":0.0,"207.0":0.0,"208.0":0.0,"209.0":0.0,"210.0":0.0,"211.0":0.0,"212.0":0.0,"213.0":0.0,"214.0":0.0,"215.0":0.0,"216.0":0.0,"217.0":0.0,"218.0":0.0,"219.0":0.0,"220.0":0.0,"221.0":0.0,"222.0":0.0,"223.0":0.0,"224.0":0.0,"225.0":0.0,"226.0":0.0,"227.0":0.0,"228.0":0.0,"229.0":0.0,"230.0":0.0,"231.0":0.0,"232.0":0.0,"233.0":0.0,"234.0":0.0,"235.0":0.0,"236.0":0.0,"237.0":0.0,"238.0":0.0,"239.0":0.0,"240.0":0.0,"241.0":0.0,"242.0":0.0,"243.0":0.0,"244.0":0.0,"245.0":0.0,"246.0":0.0,"247.0":0.0,"248.0":0.0,"249.0":0.0,"250.0":0.0,"251.0":0.0,"252.0":0.0,"253.0":0.0,"254.0":0.0,"255.0":0.0,"256.0":0.0,"257.0":0.0,"258.0":0.0,"259.0":0.0,"260.0":0.0,"261.0":0.0,"262.0":0.0,"263.0":0.0,"264.0":0.0,"265.0":0.0,"266.0":0.0,"267.0":0.0,"268.0":0.0,"269.0":0.0,"270.0":0.0,"271.0":0.0,"272.0":0.0,"273.0":0.0,"274.0":0.0,"275.0":0.0,"276.0":0.0,"277.0":0.0,"278.0":0.0,"279.0":0.0,"280.0":0.0,"281.0":0.0,"282.0":0.0,"283.0":0.0,"284.0":0.0,"285.0":0.0,"286.0":0.0,"287.0":0.0,"288.0":0.0,"289.0":0.0,"290.0":0.0,"291.0":0.0,"292.0":0.0,"293.0":0.0,"294.0":0.0,"295.0":0.0,"296.0":0.0,"297.0":0.0,"298.0":0.0,"299.0":0.0,"300.0":0.0}}