{"beatport_key\/1.0":{"0.0":0.0,"1.0":0.0,"2.0":0.0,"3.0":0.0,"4.0":0.0,"5.0":0.0,"6.0":0.0,"7.0":0.0,"8.0":0.0,"9.0":0.0,"10.0":0.0,"11.0":0.0,"12.0":0.0,"13.0":0.0,"14.0":0.0,"15.0":0.0,"16.0":0.0,"17.0":0.0,"18.0":0.0,"19.0":0.0,"20.0":0.0,"21.0":0.0,"22.0":0.0,"23.0":0.0,"24.0":0.0,"25.0":0.0,"26.0":0.0,"27.0":0.0,"28.0":0.0,"29.0":0.0,"30.0":0.0,"31.0":0.0,"32.0":0.0,"33.0":0.0,"34.0":0.0,"35.0":0.0,"36.0":0.0,"37.0":0.0,"38.0":0.0,"39.0":0.0,"40.0":0.0,"41.0":0.0,"42.0":0.0,"43.0":0.0,"44.0":0.0,"45.0":0.0,"46.0":0.0,"47.0":0.0,"48.0":0.0,"49.0":0.0,"50.0":0.0,"51.0":0.0,"52.0":0.0,"53.0":0.0,"54.0":0.0,"55.0":0.0,"56.0":1.0,"57.0":1.0,"58.0":0.9928754497,"59.0":0.9928754497,"60.0":0.9946565873,"61.0":0.9946565873,"62.0":0.9946565873,"63.0":0.9946565873,"64.0":0.6631043915,"65.0":0.6631043915,"66.0":0.6631043915,"67.0":0.5683751927,"68.0":0.5683751927,"69.0":0.4973282937,"70.0":0.5978626349,"71.0":0.5978626349,"72.0":0.5435114863,"73.0":0.5435114863,"74.0":0.4997074529,"75.0":0.4451654363,"76.0":0.4592225553,"77.0":0.549342224,"78.0":0.5279138976,"79.0":0.5139063614,"80.0":0.4211693552,"81.0":0.4093564849,"82.0":0.39390121,"83.0":0.3908214875,"84.0":0.3780076682,"85.0":0.3547456579,"86.0":0.3493707236,"87.0":0.3493707236,"88.0":0.3393127171,"89.0":0.3343951415,"90.0":0.3180801761,"91.0":0.2912471395,"92.0":0.2867123837,"93.0":0.2904359211,"94.0":0.2847325428,"95.0":0.272738239,"96.0":0.2736854114,"97.0":0.2522607963,"98.0":0.1726274218,"99.0":0.157773527,"100.0":0.1186754938,"101.0":0.1165344191,"102.0":0.114525205,"103.0":0.0878355836,"104.0":0.0702939602,"105.0":0.0641278234,"106.0":0.0958523039,"107.0":0.0989862274,"108.0":0.0946713188,"109.0":0.1118043274,"110.0":0.0846372284,"111.0":0.0884104917,"112.0":0.079934452,"113.0":0.0628014287,"114.0":0.0528398228,"115.0":0.0394474173,"116.0":0.0299462557,"117.0":0.0255749834,"118.0":0.0167371999,"119.0":0.0161252585,"120.0":0.0139777936,"121.0":0.01378046,"122.0":0.0150756887,"123.0":0.0171512986,"124.0":0.0166974961,"125.0":0.0162225126,"126.0":0.015920734,"127.0":0.0117359378,"128.0":0.0102629298,"129.0":0.0102372448,"130.0":0.0315820009,"131.0":0.0316033772,"132.0":0.0292725118,"133.0":0.031553493,"134.0":0.0323122945,"135.0":0.0327921756,"136.0":0.0357475885,"137.0":0.0393624988,"138.0":0.0430116218,"139.0":0.0601647144,"140.0":0.0683341183,"141.0":0.0835517249,"142.0":0.0858098797,"143.0":0.0890619328,"144.0":0.0916829825,"145.0":0.0977951814,"146.0":0.1108843114,"147.0":0.1222485724,"148.0":0.1413391013,"149.0":0.1556640102,"150.0":0.164645709,"151.0":0.1254349262,"152.0":0.1283520175,"153.0":0.1752106906,"154.0":0.1874093394,"155.0":0.2089574544,"156.0":0.299049449,"157.0":0.3073563781,"158.0":0.3254361651,"159.0":0.3566165954,"160.0":0.3958674533,"161.0":0.614109766,"162.0":0.5908464553,"163.0":0.6277743587,"164.0":0.6491134947,"165.0":0.5525732321,"166.0":0.5525732321,"167.0":0.5290244549,"168.0":0.5290244549,"169.0":0.4700976428,"170.0":0.4700976428,"171.0":0.4322474744,"172.0":0.4322474744,"173.0":0.4322474744,"174.0":0.4322474744,"175.0":0.420220066,"176.0":0.5025046732,"177.0":0.5025046732,"178.0":0.5477315211,"179.0":0.5477315211,"180.0":0.6025046732,"181.0":0.5737907474,"182.0":0.5737907474,"183.0":0.5737907474,"184.0":0.5737907474,"185.0":0.5039921173,"186.0":1.0037087358,"187.0":1.0037087358,"188.0":1.0037087358,"189.0":1.0037087358,"190.0":1.0037087358,"191.0":1.0037087358,"192.0":1.0037087358,"193.0":1.0037087358,"194.0":1.0037087358,"195.0":1.0037087358,"196.0":1.0037087358,"197.0":1.0037087358,"198.0":1.0037087358,"199.0":1.0074174716,"200.0":1.0074174716,"201.0":1.0074174716,"202.0":1.0074174716,"203.0":1.0074174716,"204.0":1.0074174716,"205.0":1.0074174716,"206.0":0.0,"207.0":0.0,"208.0":0.0,"209.0":0.0,"210.0":0.0,"211.0":0.0,"212.0":0.0,"213.0":0.0,"214.0":0.0,"215.0":0.0,"216.0":0.0,"217.0":0.0,"218.0":0.0,"219.0":0.0,"220.0":0.0,"221.0":0.0,"222.0":0.0,"223.0":0.0,"224.0":0.0,"225.0":0.0,"226.0":0.0,"227.0":0.0,"228.0":0.0,"229.0":0.0,"230.0":0.0,"231.0":0.0,"232.0":0.0,"233.0":0.0,"234.0":0.0,"235.0":0.0,"236.0":0.0,"237.0":0.0,"238.0":0.0,"239.0":0.0,"240.0":0.0,"241.0":0.0,"242.0":0.0,"243.0":0.0,"244.0":0.0,"245.0":0.0,"246.0":0.0,"247.0":0.0,"248.0":0.0,"249.0":0.0,"250.0":0.0,"251.0":0.0,"252.0":0.0,"253.0":0.0,"254.0":0.0,"255.0":0.0,"256.0":0.0,"257.0":0.0,"258.0":0.0,"259.0":0.0,"260.0":0.0,"261.0":0.0,"262.0":0.0,"263.0":0.0,"264.0":0.0,"265.0":0.0,"266.0":0.0,"267.0":0.0,"268.0":0.0,"269.0":0.0,"270.0":0.0,"271.0":0.0,"272.0":0.0,"273.0":0.0,"274.0":0.0,"275.0":0.0,"276.0":0.0,"277.0":0.0,"278.0":0.0,"279.0":0.0,"280.0":0.0,"281.0":0.0,"282.0":0.0,"283.0":0.0,"284.0":0.0,"285.0":0.0,"286.0":0.0,"287.0":0.0,"288.0":0.0,"289.0":0.0,"290.0":0.0,"291.0":0.0,"292.0":0.0,"293.0":0.0,"294.0":0.0,"295.0":0.0,"296.0":0.0,"297.0":0.0,"298.0":0.0,"299.0":0.0,"300.0":0.0}}