{"beatport_key\/1.0":{"0.0":0.9237726098,"0.0005":0.9237726098,"0.001":0.9237726098,"0.0015":0.9237726098,"0.002":0.9237726098,"0.0025":0.9237726098,"0.003":0.9237726098,"0.0035":0.9237726098,"0.004":0.9237726098,"0.0045":0.9237726098,"0.005":0.9237726098,"0.0055":0.9250645995,"0.006":0.9354005168,"0.0065":0.9366925065,"0.007":0.9444444444,"0.0075":0.9483204134,"0.008":0.9599483204,"0.0085":0.9612403101,"0.009":0.9625322997,"0.0095":0.9625322997,"0.01":0.9651162791,"0.0105":0.9664082687,"0.011":0.9664082687,"0.0115":0.9702842377,"0.012":0.9728682171,"0.0125":0.9741602067,"0.013":0.9741602067,"0.0135":0.9741602067,"0.014":0.9741602067,"0.0145":0.9741602067,"0.015":0.9754521964,"0.0155":0.9754521964,"0.016":0.976744186,"0.0165":0.976744186,"0.017":0.976744186,"0.0175":0.976744186,"0.018":0.976744186,"0.0185":0.976744186,"0.019":0.976744186,"0.0195":0.976744186,"0.02":0.976744186,"0.0205":0.976744186,"0.021":0.976744186,"0.0215":0.976744186,"0.022":0.976744186,"0.0225":0.976744186,"0.023":0.976744186,"0.0235":0.976744186,"0.024":0.976744186,"0.0245":0.976744186,"0.025":0.976744186,"0.0255":0.976744186,"0.026":0.976744186,"0.0265":0.976744186,"0.027":0.976744186,"0.0275":0.976744186,"0.028":0.976744186,"0.0285":0.976744186,"0.029":0.976744186,"0.0295":0.976744186,"0.03":0.976744186,"0.0305":0.976744186,"0.031":0.976744186,"0.0315":0.976744186,"0.032":0.976744186,"0.0325":0.976744186,"0.033":0.976744186,"0.0335":0.976744186,"0.034":0.976744186,"0.0345":0.976744186,"0.035":0.976744186,"0.0355":0.976744186,"0.036":0.976744186,"0.0365":0.976744186,"0.037":0.976744186,"0.0375":0.976744186,"0.038":0.976744186,"0.0385":0.976744186,"0.039":0.976744186,"0.0395":0.976744186,"0.04":0.976744186,"0.0405":0.976744186,"0.041":0.976744186,"0.0415":0.976744186,"0.042":0.976744186,"0.0425":0.976744186,"0.043":0.976744186,"0.0435":0.976744186,"0.044":0.976744186,"0.0445":0.976744186,"0.045":0.976744186,"0.0455":0.976744186,"0.046":0.976744186,"0.0465":0.976744186,"0.047":0.976744186,"0.0475":0.976744186,"0.048":0.976744186,"0.0485":0.976744186,"0.049":0.976744186,"0.0495":0.976744186,"0.05":0.976744186}}