{"beatport_key\/1.0":{"66.0":1.0425347281,"67.3030303030303":1.0649593845,"68.60606060606061":0.9518280221,"69.9090909090909":0.7533248719,"71.21212121212122":0.5196341646,"72.51515151515152":0.300940131,"73.81818181818181":0.1473586164,"75.12121212121212":0.0890166797,"76.42424242424242":0.1083869175,"77.72727272727272":0.1809919477,"79.03030303030303":0.2823543882,"80.33333333333333":0.3879968571,"81.63636363636364":0.473645717,"82.93939393939394":0.5256890324,"84.24242424242425":0.5461994446,"85.54545454545455":0.538505078,"86.84848484848484":0.5059340569,"88.15151515151516":0.4518145058,"89.45454545454545":0.3796067165,"90.75757575757575":0.2954288351,"92.06060606060606":0.2078605143,"93.36363636363636":0.1255742325,"94.66666666666666":0.0572424676,"95.96969696969697":0.011537698,"97.27272727272728":-0.0039113741,"98.57575757575758":0.0079671998,"99.87878787878788":0.0381156011,"101.18181818181819":0.0774005066,"102.48484848484848":0.1166885931,"103.78787878787878":0.1468465373,"105.0909090909091":0.1603079944,"106.39393939393939":0.1584525569,"107.69696969696969":0.1458295239,"109.0":0.1269919093,"110.30303030303031":0.1064927268,"111.6060606060606":0.0888847699,"112.9090909090909":0.0774383428,"114.21212121212122":0.0711209836,"115.51515151515152":0.0679988788,"116.81818181818181":0.066138215,"118.12121212121212":0.0636051787,"119.42424242424242":0.058473044,"120.72727272727272":0.0498123087,"122.03030303030303":0.0387102883,"123.33333333333333":0.0264975967,"124.63636363636363":0.0145048475,"125.93939393939394":0.0040626546,"127.24242424242425":-0.003507541,"128.54545454545456":-0.007217296,"129.84848484848484":-0.0064975698,"131.15151515151516":-0.0008060646,"132.45454545454544":0.0103995176,"133.75757575757575":0.0276614746,"135.06060606060606":0.0513213873,"136.36363636363637":0.0785729887,"137.66666666666666":0.1041106815,"138.96969696969697":0.1225600221,"140.27272727272725":0.1285465672,"141.57575757575756":0.1166958734,"142.87878787878788":0.0833233483,"144.1818181818182":0.0387523941,"145.4848484848485":0.0002327254,"146.78787878787878":-0.014936717,"148.0909090909091":0.0105430076,"149.39393939393938":0.0939708401,"150.6969696969697":0.2454970483,"152.0":0.4411464114,"153.3030303030303":0.6467722077,"154.60606060606062":0.8282259707,"155.9090909090909":0.9513592335,"157.2121212121212":0.982043972,"158.5151515151515":0.9035973732,"159.8181818181818":0.7485726469,"161.12121212121212":0.5581472283,"162.42424242424244":0.3734985527,"163.72727272727272":0.2358040554,"165.03030303030303":0.1858959867,"166.33333333333331":0.2365831054,"167.63636363636363":0.3524117968,"168.93939393939394":0.4931566103,"170.24242424242425":0.6185920951,"171.54545454545456":0.6884928005,"172.84848484848484":0.6640513194,"174.15151515151513":0.544063328,"175.45454545454544":0.3679270807,"176.75757575757575":0.1770598821,"178.06060606060606":0.0128790371,"179.36363636363637":-0.0831981497,"180.66666666666666":-0.0730789187,"181.96969696969697":0.0397964029,"183.27272727272725":0.2237550802,"184.57575757575756":0.4465848579,"185.87878787878788":0.6760734805,"187.1818181818182":0.8800086925,"188.4848484848485":1.0297143122,"189.78787878787878":1.1207602307,"191.0909090909091":1.1588864167,"192.39393939393938":1.1498676327,"193.6969696969697":1.0994786412,"195.0":1.0134942044},"beatport_key\/1.0_lowerci":{"66.0":0.6596556009,"67.3030303030303":0.8236952603,"68.60606060606061":0.7120930889,"69.9090909090909":0.5091642453,"71.21212121212122":0.2839025992,"72.51515151515152":0.0655354683,"73.81818181818181":-0.0949555571,"75.12121212121212":-0.1452669227,"76.42424242424242":-0.1009143539,"77.72727272727272":0.0014161817,"79.03030303030303":0.1222080072,"80.33333333333333":0.2322998421,"81.63636363636364":0.321077519,"82.93939393939394":0.3887704534,"84.24242424242425":0.4352038587,"85.54545454545455":0.4536262033,"86.84848484848484":0.4339977152,"88.15151515151516":0.3773526588,"89.45454545454545":0.3022605611,"90.75757575757575":0.2210024442,"92.06060606060606":0.1338954611,"93.36363636363636":0.0426319373,"94.66666666666666":-0.0402091332,"95.96969696969697":-0.0963001452,"97.27272727272728":-0.1105293216,"98.57575757575758":-0.0887932713,"99.87878787878788":-0.0501923214,"101.18181818181819":-0.0122372033,"102.48484848484848":0.0176304353,"103.78787878787878":0.0399395733,"105.0909090909091":0.0549695405,"106.39393939393939":0.0616112849,"107.69696969696969":0.0568277683,"109.0":0.0389628089,"110.30303030303031":0.0135047331,"111.6060606060606":-0.0074863391,"112.9090909090909":-0.0140897803,"114.21212121212122":-0.0086094353,"115.51515151515152":0.0021115779,"116.81818181818181":0.0102349016,"118.12121212121212":0.0108189459,"119.42424242424242":0.0062049259,"120.72727272727272":0.0014595895,"122.03030303030303":-0.0022555906,"123.33333333333333":-0.0065857076,"124.63636363636363":-0.013870055,"125.93939393939394":-0.0235716197,"127.24242424242425":-0.0308686525,"128.54545454545456":-0.0338880221,"129.84848484848484":-0.0359074717,"131.15151515151516":-0.0373179368,"132.45454545454544":-0.034098517,"133.75757575757575":-0.0217099275,"135.06060606060606":0.0029637356,"136.36363636363637":0.0356159592,"137.66666666666666":0.0659828694,"138.96969696969697":0.0846005894,"140.27272727272725":0.0869961655,"141.57575757575756":0.0720774233,"142.87878787878788":0.0378880023,"144.1818181818182":-0.0100155776,"145.4848484848485":-0.057652733,"146.78787878787878":-0.0844234106,"148.0909090909091":-0.0678525989,"149.39393939393938":0.0121492145,"150.6969696969697":0.1615628585,"152.0":0.3448209676,"153.3030303030303":0.5264819389,"154.60606060606062":0.6818458409,"155.9090909090909":0.7868200679,"157.2121212121212":0.8140684348,"158.5151515151515":0.7443557822,"159.8181818181818":0.593511788,"161.12121212121212":0.3912753161,"162.42424242424244":0.1852012053,"163.72727272727272":0.032345534,"165.03030303030303":-0.0136898901,"166.33333333333331":0.0553272765,"167.63636363636363":0.179193538,"168.93939393939394":0.305293747,"170.24242424242425":0.4097961763,"171.54545454545456":0.4776664818,"172.84848484848484":0.4828277633,"174.15151515151513":0.383397664,"175.45454545454544":0.1434825214,"176.75757575757575":-0.1649470169,"178.06060606060606":-0.4457866965,"179.36363636363637":-0.6246910797,"180.66666666666666":-0.6419727552,"181.96969696969697":-0.5082180712,"183.27272727272725":-0.2809536385,"184.57575757575756":-0.0179983647,"185.87878787878788":0.23232438,"187.1818181818182":0.4417623049,"188.4848484848485":0.6016598949,"189.78787878787878":0.7185365131,"191.0909090909091":0.792170596,"192.39393939393938":0.8077849062,"193.6969696969697":0.7399882173,"195.0":0.5764270029},"beatport_key\/1.0_upperci":{"66.0":1.4254138554,"67.3030303030303":1.3062235087,"68.60606060606061":1.1915629554,"69.9090909090909":0.9974854986,"71.21212121212122":0.75536573,"72.51515151515152":0.5363447936,"73.81818181818181":0.3896727898,"75.12121212121212":0.3233002822,"76.42424242424242":0.3176881889,"77.72727272727272":0.3605677136,"79.03030303030303":0.4425007692,"80.33333333333333":0.543693872,"81.63636363636364":0.626213915,"82.93939393939394":0.6626076114,"84.24242424242425":0.6571950306,"85.54545454545455":0.6233839527,"86.84848484848484":0.5778703987,"88.15151515151516":0.5262763528,"89.45454545454545":0.4569528718,"90.75757575757575":0.369855226,"92.06060606060606":0.2818255676,"93.36363636363636":0.2085165276,"94.66666666666666":0.1546940684,"95.96969696969697":0.1193755412,"97.27272727272728":0.1027065734,"98.57575757575758":0.104727671,"99.87878787878788":0.1264235236,"101.18181818181819":0.1670382165,"102.48484848484848":0.2157467509,"103.78787878787878":0.2537535014,"105.0909090909091":0.2656464484,"106.39393939393939":0.2552938288,"107.69696969696969":0.2348312796,"109.0":0.2150210098,"110.30303030303031":0.1994807205,"111.6060606060606":0.1852558789,"112.9090909090909":0.1689664659,"114.21212121212122":0.1508514024,"115.51515151515152":0.1338861796,