Estimator,AOE1_MEAN,AOE1_STDEV,AOE2_MEAN,AOE2_STDEV
beatport_key/1.0,0.09074290800595812,0.2765151108387444,0.010240616558308147,0.06238960589220321
