{"beatport_key\/1.0":{"66.0":1.0422066511,"67.3030303030303":1.0658958649,"68.60606060606061":0.9525751688,"69.9090909090909":0.7529872196,"71.21212121212122":0.5178746742,"72.51515151515152":0.2979801894,"73.81818181818181":0.1439771429,"75.12121212121212":0.0862888624,"76.42424242424242":0.1070613456,"77.72727272727272":0.1813997715,"79.03030303030303":0.2844093197,"80.33333333333333":0.3911951694,"81.63636363636364":0.4770707114,"82.93939393939394":0.52824477,"84.24242424242425":0.5469545928,"85.54545454545455":0.5367204339,"86.84848484848484":0.5010625474,"88.15151515151516":0.4435011875,"89.45454545454545":0.367672796,"90.75757575757575":0.2795503211,"92.06060606060606":0.1872706093,"93.36363636363636":0.0990521094,"94.66666666666666":0.0231132702,"95.96969696969697":-0.0323274597,"97.27272727272728":-0.059982958,"98.57575757575758":-0.0619855449,"99.87878787878788":-0.0459369291,"101.18181818181819":-0.0195061893,"102.48484848484848":0.0096375956,"103.78787878787878":0.0338253468,"105.0909090909091":0.0466412471,"106.39393939393939":0.0488243961,"107.69696969696969":0.0436490098,"109.0":0.0343922746,"110.30303030303031":0.0243313772,"111.6060606060606":0.0167433367,"112.9090909090909":0.0139298631,"114.21212121212122":0.0149204939,"115.51515151515152":0.0180593058,"116.81818181818181":0.0216903753,"118.12121212121212":0.0241577791,"119.42424242424242":0.0238123309,"120.72727272727272":0.0199528146,"122.03030303030303":0.0137952179,"123.33333333333333":0.0067868101,"124.63636363636363":0.0003748605,"125.93939393939394":-0.0039933616,"127.24242424242425":-0.0049187467,"128.54545454545456":-0.0027505431,"129.84848484848484":-0.0000400137,"131.15151515151516":0.0005211705,"132.45454545454544":-0.0037586613,"133.75757575757575":-0.0155711799,"135.06060606060606":-0.0372895191,"136.36363636363637":-0.0662911938,"137.66666666666666":-0.095987294,"138.96969696969697":-0.1196796511,"140.27272727272725":-0.1306700969,"141.57575757575756":-0.122260463,"142.87878787878788":-0.089614911,"144.1818181818182":-0.0433353607,"145.4848484848485":-0.0016569962,"146.78787878787878":0.0171307475,"148.0909090909091":-0.0052615645,"149.39393939393938":-0.0871233673,"150.6969696969697":-0.2393428398,"152.0":-0.4374769211,"153.3030303030303":-0.6465516614,"154.60606060606062":-0.8315913042,"155.9090909090909":-0.9576200928,"157.2121212121212":-0.9896831255,"158.5151515151515":-0.9106225987,"159.8181818181818":-0.7535098693,"161.12121212121212":-0.5602144788,"162.42424242424244":-0.3726059687,"163.72727272727272":-0.2325538806,"165.03030303030303":-0.1815771798,"166.33333333333331":-0.2327336573,"167.63636363636363":-0.3500649489,"168.93939393939394":-0.4927663253,"170.24242424242425":-0.6200330577,"171.54545454545456":-0.691060417,"172.84848484848484":-0.6664806578,"174.15151515151513":-0.5450313604,"175.45454545454544":-0.366594988,"176.75757575757575":-0.1731000217,"178.06060606060606":-0.0064749424,"179.36363636363637":0.0913517689,"180.66666666666666":0.0818146609,"181.96969696969697":-0.0316378514,"183.27272727272725":-0.2169981316,"184.57575757575756":-0.4417127773,"185.87878787878788":-0.6732283863,"187.1818181818182":-0.8789915561,"188.4848484848485":-1.0300227913,"189.78787878787878":-1.1218480823,"191.0909090909091":-1.1602723087,"192.39393939393938":-1.1511355161,"193.6969696969697":-1.1002777501,"195.0":-1.0135390562},"beatport_key\/1.0_lowerci":{"66.0":0.6543339819,"67.3030303030303":0.8214851536,"68.60606060606061":0.7097135923,"69.9090909090909":0.5056422294,"71.21212121212122":0.2790686778,"72.51515151515152":0.0595053592,"73.81818181818181":-0.1014973125,"75.12121212121212":-0.1510502865,"76.42424242424242":-0.1049696507,"77.72727272727272":-0.0005180367,"79.03030303030303":0.1221742961,"80.33333333333333":0.2334675409,"81.63636363636364":0.3225127061,"82.93939393939394":0.3895404873,"84.24242424242425":0.434511393,"85.54545454545455":0.4507345618,"86.84848484848484":0.4281880058,"88.15151515151516":0.3680682027,"89.45454545454545":0.2893178855,"90.75757575757575":0.2041532549,"92.06060606060606":0.1123408977,"93.36363636363636":0.0150280739,"94.66666666666666":-0.0756093026,"95.96969696969697":-0.1415717332,"97.27272727272728":-0.1679914258,"98.57575757575758":-0.1600079743,"99.87878787878788":-0.135396571,"101.18181818181819":-0.1103129618,"102.48484848484848":-0.090712487,"103.78787878787878":-0.0744759069,"105.0909090909091":-0.0600710399,"106.39393939393939":-0.0492798878,"107.69696969696969":-0.0465135142,"109.0":-0.0547849088,"110.30303030303031":-0.0698693738,"111.6060606060606":-0.0808846525,"112.9090909090909":-0.0787919776,"114.21212121212122":-0.0658497758,"115.51515151515152":-0.0486873028,"116.81818181818181":-0.0349420337,"118.12121212121212":-0.0293168962,"119.42424242424242":-0.0291374723,"120.72727272727272":-0.0290305248,"122.03030303030303":-0.0277049415,"123.33333333333333":-0.0267279693,"124.63636363636363":-0.0283701098,"125.93939393939394":-0.0319880443,"127.24242424242425":-0.0326367041,"128.54545454545456":-0.0297691111,"129.84848484848484":-0.029833482,"131.15151515151516":-0.0364668926,"132.45454545454544":-0.048837043,"133.75757575757575":-0.0655864881,"135.06060606060606":-0.0862778554,"136.36363636363637":-0.1098084726,"137.66666666666666":-0.1346123722,"138.96969696969697":-0.1581341538,"140.27272727272725":-0.1727624024,"141.57575757575756":-0.1674608306,"142.87878787878788":-0.1356428286,"144.1818181818182":-0.0927393684,"145.4848484848485":-0.0602974017,"146.78787878787878":-0.0532621974,"148.0909090909091":-0.0846796131,"149.39393939393938":-0.1700121174,"150.6969696969697":-0.3243717064,"152.0":-0.5350586494,"153.3030303030303":-0.7684107661,"154.60606060606062":-0.9798805359,"155.9090909090909":-1.124305192,"157.2121212121212":-1.1598494139,"158.5151515151515":-1.071941032,"159.8181818181818":-0.910593045,"161.12121212121212":-0.7292627486,"162.42424242424244":-0.563359106,"163.72727272727272":-0.4386659253,"165.03030303030303":-0.3837660724,"166.33333333333331":-0.41635344,"167.63636363636363":-0.5255423348,"168.93939393939394":-0.683079312,"170.24242424242425":-0.8315521105,"171.54545454545456":-0.9046363504,"172.84848484848484":-0.8500677468,"174.15151515151513":-0.7077924395,"175.45454545454544":-0.5939667722,"176.75757575757575":-0.5195674035,"178.06060606060606":-0.4711226332,"179.36363636363637":-0.4572033575,"180.66666666666666":-0.494498737,"181.96969696969697":-0.5867995765,"183.27272727272725":-0.728289304,"184.57575757575756":-0.9123551335,"185.87878787878788":-1.1227649,"187.1818181818182":-1.3229535901,"188.4848484848485":-1.4636599304,"189.78787878787878":-1.5293176355,"191.0909090909091":-1.5317708681,"192.39393939393938":-1.4976797144,"193.6969696969697":-1.4644566784,"195.0":-1.456306525},"beatport_key\/1.0_upperci":{"66.0":1.4300793202,"67.3030303030303":1.3103065762,"68.60606060606061":1.1954367453,"69.9090909090909":1.0003322098,"71.21212121212122":0.7566806705,"72.51515151515152":0.5364550195,"73.81818181818181":0.3894515983,"75.12121212121212":0.3236280114,"76.42424242424242":0.3190923418,"77.72727272727272":0.3633175798,"79.03030303030303":0.4466443434,"80.33333333333333":0.548922798,"81.63636363636364":0.6316287167,"82.93939393939394":0.6669490527,"84.24242424242425":0.6593977925,"85.54545454545455":0.622706306,"86.84848484848484":0.573937089,"88.15151515151516":0.5189341722,"89.45454545454545":0.4460277064,"90.75757575757575":0.3549473873,"92.06060606060606":0.262200321,"93.36363636363636":0.183076145,"94.66666666666666":0.121835843,"95.96969696969697":0.0769168138,"97.27272727272728":0.0480255098,"98.57575757575758":0.0360368844,"99.87878787878788":0.0435227128,"101.18181818181819":0.0713005832,"102.48484848484848":0.1099876783,"103.78787878787878":0.1421266005,"105.0909090909091":0.1533535341,"106.39393939393939":0.1469286801,"107.69696969696969":0.1338115338,"109.0":0.1235694581,"110.30303030303031":0.1185321281,"111.6060606060606":0.1143713258,"112.9090909090909":0.1066517037,