{"beatport_key\/1.0":{"0.0":0.0,"1.0":0.0,"2.0":0.0,"3.0":0.0,"4.0":0.0,"5.0":0.0,"6.0":0.0,"7.0":0.0,"8.0":0.0,"9.0":0.0,"10.0":0.0,"11.0":0.0,"12.0":0.0,"13.0":0.0,"14.0":0.0,"15.0":0.0,"16.0":0.0,"17.0":0.0,"18.0":0.0,"19.0":0.0,"20.0":0.0,"21.0":0.0,"22.0":0.0,"23.0":0.0,"24.0":0.0,"25.0":0.0,"26.0":0.0,"27.0":0.0,"28.0":0.0,"29.0":0.0,"30.0":0.0,"31.0":0.0,"32.0":0.0,"33.0":0.0,"34.0":0.0,"35.0":0.0,"36.0":0.0,"37.0":0.0,"38.0":0.0,"39.0":0.0,"40.0":0.0,"41.0":0.0,"42.0":0.0,"43.0":0.0,"44.0":0.0,"45.0":0.0,"46.0":0.0,"47.0":0.0,"48.0":0.0,"49.0":0.0,"50.0":0.0,"51.0":0.0,"52.0":0.0,"53.0":0.0,"54.0":0.0,"55.0":0.0,"56.0":0.0,"57.0":0.0,"58.0":0.0,"59.0":0.0,"60.0":0.0,"61.0":0.0012919897,"62.0":0.0012919897,"63.0":0.003875969,"64.0":0.003875969,"65.0":0.0051679587,"66.0":0.0051679587,"67.0":0.0051679587,"68.0":0.0051679587,"69.0":0.007751938,"70.0":0.007751938,"71.0":0.007751938,"72.0":0.007751938,"73.0":0.007751938,"74.0":0.0064599483,"75.0":0.0090439276,"76.0":0.007751938,"77.0":0.0090439276,"78.0":0.0090439276,"79.0":0.0129198966,"80.0":0.015503876,"81.0":0.023255814,"82.0":0.0335917313,"83.0":0.0387596899,"84.0":0.0452196382,"85.0":0.0581395349,"86.0":0.0555555556,"87.0":0.0645994832,"88.0":0.0671834625,"89.0":0.0697674419,"90.0":0.0736434109,"91.0":0.0697674419,"92.0":0.0620155039,"93.0":0.0555555556,"94.0":0.0503875969,"95.0":0.0516795866,"96.0":0.0400516796,"97.0":0.0452196382,"98.0":0.0361757106,"99.0":0.0361757106,"100.0":0.0400516796,"101.0":0.0322997416,"102.0":0.0348837209,"103.0":0.0374677003,"104.0":0.0348837209,"105.0":0.0348837209,"106.0":0.0361757106,"107.0":0.0348837209,"108.0":0.0322997416,"109.0":0.0348837209,"110.0":0.0400516796,"111.0":0.0439276486,"112.0":0.0503875969,"113.0":0.0503875969,"114.0":0.0516795866,"115.0":0.0943152455,"116.0":0.0968992248,"117.0":0.1033591731,"118.0":0.1279069767,"119.0":0.1550387597,"120.0":0.2067183463,"121.0":0.2545219638,"122.0":0.2945736434,"123.0":0.4276485788,"124.0":0.4470284238,"125.0":0.4909560724,"126.0":0.4560723514,"127.0":0.4638242894,"128.0":0.4573643411,"129.0":0.4483204134,"130.0":0.4379844961,"131.0":0.4056847545,"132.0":0.3552971576,"133.0":0.3242894057,"134.0":0.188630491,"135.0":0.2403100775,"136.0":0.1950904393,"137.0":0.2157622739,"138.0":0.2118863049,"139.0":0.2131782946,"140.0":0.2170542636,"141.0":0.1989664083,"142.0":0.1795865633,"143.0":0.1782945736,"144.0":0.1602067183,"145.0":0.1757105943,"146.0":0.1020671835,"147.0":0.1007751938,"148.0":0.0723514212,"149.0":0.0658914729,"150.0":0.0555555556,"151.0":0.0361757106,"152.0":0.0348837209,"153.0":0.0374677003,"154.0":0.0322997416,"155.0":0.0322997416,"156.0":0.0129198966,"157.0":0.011627907,"158.0":0.0103359173,"159.0":0.011627907,"160.0":0.0129198966,"161.0":0.0129198966,"162.0":0.011627907,"163.0":0.011627907,"164.0":0.007751938,"165.0":0.011627907,"166.0":0.0103359173,"167.0":0.0103359173,"168.0":0.0103359173,"169.0":0.0129198966,"170.0":0.015503876,"171.0":0.0129198966,"172.0":0.0129198966,"173.0":0.0129198966,"174.0":0.0129198966,"175.0":0.011627907,"176.0":0.007751938,"177.0":0.007751938,"178.0":0.007751938,"179.0":0.007751938,"180.0":0.0051679587,"181.0":0.0,"182.0":0.0,"183.0":0.0012919897,"184.0":0.0012919897,"185.0":0.0012919897,"186.0":0.0012919897,"187.0":0.0012919897,"188.0":0.0012919897,"189.0":0.0012919897,"190.0":0.0025839793,"191.0":0.0025839793,"192.0":0.0025839793,"193.0":0.0025839793,"194.0":0.0012919897,"195.0":0.0012919897,"196.0":0.0012919897,"197.0":0.0012919897,"198.0":0.0012919897,"199.0":0.0012919897,"200.0":0.0012919897,"201.0":0.0,"202.0":0.0,"203.0":0.0,"204.0":0.0,"205.0":0.0,"206.0":0.0,"207.0":0.0,"208.0":0.0,"209.0":0.0,"210.0":0.0,"211.0":0.0,"212.0":0.0,"213.0":0.0,"214.0":0.0,"215.0":0.0,"216.0":0.0,"217.0":0.0,"218.0":0.0,"219.0":0.0,"220.0":0.0,"221.0":0.0,"222.0":0.0,"223.0":0.0,"224.0":0.0,"225.0":0.0,"226.0":0.0,"227.0":0.0,"228.0":0.0,"229.0":0.0,"230.0":0.0,"231.0":0.0,"232.0":0.0,"233.0":0.0,"234.0":0.0,"235.0":0.0,"236.0":0.0,"237.0":0.0,"238.0":0.0,"239.0":0.0,"240.0":0.0,"241.0":0.0,"242.0":0.0,"243.0":0.0,"244.0":0.0,"245.0":0.0,"246.0":0.0,"247.0":0.0,"248.0":0.0,"249.0":0.0,"250.0":0.0,"251.0":0.0,"252.0":0.0,"253.0":0.0,"254.0":0.0,"255.0":0.0,"256.0":0.0,"257.0":0.0,"258.0":0.0,"259.0":0.0,"260.0":0.0,"261.0":0.0,"262.0":0.0,"263.0":0.0,"264.0":0.0,"265.0":0.0,"266.0":0.0,"267.0":0.0,"268.0":0.0,"269.0":0.0,"270.0":0.0,"271.0":0.0,"272.0":0.0,"273.0":0.0,"274.0":0.0,"275.0":0.0,"276.0":0.0,"277.0":0.0,"278.0":0.0,"279.0":0.0,"280.0":0.0,"281.0":0.0,"282.0":0.0,"283.0":0.0,"284.0":0.0,"285.0":0.0,"286.0":0.0,"287.0":0.0,"288.0":0.0,"289.0":0.0,"290.0":0.0,"291.0":0.0,"292.0":0.0,"293.0":0.0,"294.0":0.0,"295.0":0.0,"296.0":0.0,"297.0":0.0,"298.0":0.0,"299.0":0.0,"300.0":0.0}}