{"beatport_key\/1.0":{"0.0":0.0,"1.0":0.0,"2.0":0.0,"3.0":0.0,"4.0":0.0,"5.0":0.0,"6.0":0.0,"7.0":0.0,"8.0":0.0,"9.0":0.0,"10.0":0.0,"11.0":0.0,"12.0":0.0,"13.0":0.0,"14.0":0.0,"15.0":0.0,"16.0":0.0,"17.0":0.0,"18.0":0.0,"19.0":0.0,"20.0":0.0,"21.0":0.0,"22.0":0.0,"23.0":0.0,"24.0":0.0,"25.0":0.0,"26.0":0.0,"27.0":0.0,"28.0":0.0,"29.0":0.0,"30.0":0.0,"31.0":0.0,"32.0":0.0,"33.0":0.0,"34.0":0.0,"35.0":0.0,"36.0":0.0,"37.0":0.0,"38.0":0.0,"39.0":0.0,"40.0":0.0,"41.0":0.0,"42.0":0.0,"43.0":0.0,"44.0":0.0,"45.0":0.0,"46.0":0.0,"47.0":0.0,"48.0":0.0,"49.0":0.0,"50.0":0.0,"51.0":0.0,"52.0":0.0,"53.0":0.0,"54.0":0.0,"55.0":0.0,"56.0":1.0,"57.0":1.0,"58.0":0.9928754497,"59.0":0.9928754497,"60.0":0.9946565873,"61.0":0.9946565873,"62.0":0.9946565873,"63.0":0.9946565873,"64.0":0.6631043915,"65.0":0.6631043915,"66.0":0.6631043915,"67.0":0.5683751927,"68.0":0.5683751927,"69.0":0.4973282937,"70.0":0.5978626349,"71.0":0.5978626349,"72.0":0.5435114863,"73.0":0.5435114863,"74.0":0.4972391684,"75.0":0.4413486025,"76.0":0.4563599299,"77.0":0.5471259978,"78.0":0.5260054807,"79.0":0.5121447458,"80.0":0.4191505084,"81.0":0.4072964371,"82.0":0.3920986682,"83.0":0.3752165056,"84.0":0.3629143251,"85.0":0.3405811359,"86.0":0.3354208156,"87.0":0.3354208156,"88.0":0.3253378946,"89.0":0.3206228526,"90.0":0.3052384473,"91.0":0.2780174298,"92.0":0.2533591308,"93.0":0.2566495091,"94.0":0.2418371838,"95.0":0.2313105227,"96.0":0.2305709792,"97.0":0.2074217868,"98.0":0.123889368,"99.0":0.1060362083,"100.0":0.0635455641,"101.0":0.0433863621,"102.0":0.0426383214,"103.0":0.0086829924,"104.0":0.0053836574,"105.0":0.0049114068,"106.0":0.010505088,"107.0":0.0190578823,"108.0":0.0183760802,"109.0":0.0359574829,"110.0":0.0138706452,"111.0":0.0154324527,"112.0":0.0141119883,"113.0":0.0189110521,"114.0":0.015911368,"115.0":0.0147315102,"116.0":0.0094497616,"117.0":0.0081294942,"118.0":0.0042829269,"119.0":0.0041912685,"120.0":0.0030691583,"121.0":0.003025829,"122.0":0.0016518824,"123.0":-0.0006555184,"124.0":-0.0006103951,"125.0":-0.0005930316,"126.0":-0.0006259313,"127.0":-0.0013398008,"128.0":-0.0025369493,"129.0":-0.0025626343,"130.0":-0.0290364163,"131.0":-0.0288938918,"132.0":-0.0288844373,"133.0":-0.0311608619,"134.0":-0.0319102213,"135.0":-0.0323440751,"136.0":-0.0352587516,"137.0":-0.0388792326,"138.0":-0.0425521968,"139.0":-0.0596887243,"140.0":-0.0681059138,"141.0":-0.0832874881,"142.0":-0.0855385013,"143.0":-0.0887804094,"144.0":-0.0913933383,"145.0":-0.0974862276,"146.0":-0.1105514606,"147.0":-0.1218812188,"148.0":-0.1410982347,"149.0":-0.1553987315,"150.0":-0.1643767963,"151.0":-0.1249887757,"152.0":-0.1278954914,"153.0":-0.1745874962,"154.0":-0.1867438945,"155.0":-0.2082166761,"156.0":-0.2985243055,"157.0":-0.3068166473,"158.0":-0.3248646854,"159.0":-0.3566165954,"160.0":-0.3958674533,"161.0":-0.614109766,"162.0":-0.5908464553,"163.0":-0.6277743587,"164.0":-0.6491134947,"165.0":-0.5525732321,"166.0":-0.5525732321,"167.0":-0.5290244549,"168.0":-0.5290244549,"169.0":-0.4700976428,"170.0":-0.4700976428,"171.0":-0.4322474744,"172.0":-0.4322474744,"173.0":-0.4322474744,"174.0":-0.4322474744,"175.0":-0.420220066,"176.0":-0.5025046732,"177.0":-0.5025046732,"178.0":-0.5477315211,"179.0":-0.5477315211,"180.0":-0.6025046732,"181.0":-0.5737907474,"182.0":-0.5737907474,"183.0":-0.5737907474,"184.0":-0.5737907474,"185.0":-0.5039921173,"186.0":-1.0037087358,"187.0":-1.0037087358,"188.0":-1.0037087358,"189.0":-1.0037087358,"190.0":-1.0037087358,"191.0":-1.0037087358,"192.0":-1.0037087358,"193.0":-1.0037087358,"194.0":-1.0037087358,"195.0":-1.0037087358,"196.0":-1.0037087358,"197.0":-1.0037087358,"198.0":-1.0037087358,"199.0":-1.0074174716,"200.0":-1.0074174716,"201.0":-1.0074174716,"202.0":-1.0074174716,"203.0":-1.0074174716,"204.0":-1.0074174716,"205.0":-1.0074174716,"206.0":0.0,"207.0":0.0,"208.0":0.0,"209.0":0.0,"210.0":0.0,"211.0":0.0,"212.0":0.0,"213.0":0.0,"214.0":0.0,"215.0":0.0,"216.0":0.0,"217.0":0.0,"218.0":0.0,"219.0":0.0,"220.0":0.0,"221.0":0.0,"222.0":0.0,"223.0":0.0,"224.0":0.0,"225.0":0.0,"226.0":0.0,"227.0":0.0,"228.0":0.0,"229.0":0.0,"230.0":0.0,"231.0":0.0,"232.0":0.0,"233.0":0.0,"234.0":0.0,"235.0":0.0,"236.0":0.0,"237.0":0.0,"238.0":0.0,"239.0":0.0,"240.0":0.0,"241.0":0.0,"242.0":0.0,"243.0":0.0,"244.0":0.0,"245.0":0.0,"246.0":0.0,"247.0":0.0,"248.0":0.0,"249.0":0.0,"250.0":0.0,"251.0":0.0,"252.0":0.0,"253.0":0.0,"254.0":0.0,"255.0":0.0,"256.0":0.0,"257.0":0.0,"258.0":0.0,"259.0":0.0,"260.0":0.0,"261.0":0.0,"262.0":0.0,"263.0":0.0,"264.0":0.0,"265.0":0.0,"266.0":0.0,"267.0":0.0,"268.0":0.0,"269.0":0.0,"270.0":0.0,"271.0":0.0,"272.0":0.0,"273.0":0.0,"274.0":0.0,"275.0":0.0,"276.0":0.0,"277.0":0.0,"278.0":0.0,"279.0":0.0,"280.0":0.0,"281.0":0.0,"282.0":0.0,"283.0":0.0,"284.0":0.0,"285.0":0.0,"286.0":0.0,"287.0":0.0,"288.0":0.0,"289.0":0.0,"290.0":0.0,"291.0":0.0,"292.0":0.0,"293.0":0.0,"294.0":0.0,"295.0":0.0,"296.0":0.0,"297.0":0.0,"298.0":0.0,"299.0":0.0,"300.0":0.0}}