Estimator,OE1_MEAN,OE1_STDEV,OE2_MEAN,OE2_STDEV
beatport_key/1.0,-0.007678761706608366,0.2909225300560168,-0.007678761706608367,0.06275643209689231
