Estimator,Accuracy1,Accuracy2
beatport_key/1.0,0.8979328165374677,0.9767441860465116
