{"beatport_key\/1.0":{"66.0":1.0116935598,"67.3030303030303":1.0140069418,"68.60606060606061":1.0162294951,"69.9090909090909":1.0183022319,"71.21212121212122":1.0201661644,"72.51515151515152":1.0217623049,"73.81818181818181":1.0230315677,"75.12121212121212":1.0238862319,"76.42424242424242":1.0241703084,"77.72727272727272":1.0237178519,"79.03030303030303":1.0223629171,"80.33333333333333":1.0199395587,"81.63636363636364":1.0162823707,"82.93939393939394":1.0112541743,"84.24242424242425":1.0047593157,"85.54545454545455":0.9967054652,"86.84848484848484":0.9870002929,"88.15151515151516":0.975551469,"89.45454545454545":0.9622778128,"90.75757575757575":0.9473223513,"92.06060606060606":0.9310357558,"93.36363636363636":0.913776528,"94.66666666666666":0.8959031694,"95.96969696969697":0.8777741819,"97.27272727272728":0.8597621815,"98.57575757575758":0.8423825363,"99.87878787878788":0.8262335038,"101.18181818181819":0.8119143621,"102.48484848484848":0.8000243895,"103.78787878787878":0.7911628643,"105.0909090909091":0.7858462251,"106.39393939393939":0.7841179768,"107.69696969696969":0.785854055,"109.0":0.790930199,"110.30303030303031":0.7992221481,"111.6060606060606":0.8106056243,"112.9090909090909":0.824854496,"114.21212121212122":0.8414009126,"115.51515151515152":0.8596054396,"116.81818181818181":0.8788286422,"118.12121212121212":0.898431086,"119.42424242424242":0.9177737885,"120.72727272727272":0.9362813939,"122.03030303030303":0.9535072267,"123.33333333333333":0.9690201345,"124.63636363636363":0.9823889652,"125.93939393939394":0.9931825664,"127.24242424242425":1.0009815657,"128.54545454545456":1.0057942309,"129.84848484848484":1.008167433,"131.15151515151516":1.0086823862,"132.45454545454544":1.0079203046,"133.75757575757575":1.0064624021,"135.06060606060606":1.0048709066,"136.36363636363637":1.0034102815,"137.66666666666666":1.002108571,"138.96969696969697":1.0009873072,"140.27272727272725":1.0000680221,"141.57575757575756":0.9993722477,"142.87878787878788":0.9989166342,"144.1818181818182":0.9986773641,"145.4848484848485":0.9986106104,"146.78787878787878":0.998672404,"148.0909090909091":0.9988187758,"149.39393939393938":0.9990057565,"150.6969696969697":0.9991950487,"152.0":0.9993754282,"153.3030303030303":0.9995437409,"154.60606060606062":0.9996968339,"155.9090909090909":0.9998315542,"157.2121212121212":0.9999447506,"158.5151515151515":1.0000346125,"159.8181818181818":1.0001031133,"161.12121212121212":1.0001528892,"162.42424242424244":1.0001865766,"163.72727272727272":1.0002068115,"165.03030303030303":1.0002162256,"166.33333333333331":1.0002170628,"167.63636363636363":1.0002109005,"168.93939393939394":1.0001992497,"170.24242424242425":1.0001836218,"171.54545454545456":1.0001655278,"172.84848484848484":1.0001464573,"174.15151515151513":1.0001273193,"175.45454545454544":1.0001083971,"176.75757575757575":1.0000899426,"178.06060606060606":1.0000722076,"179.36363636363637":1.000055444,"180.66666666666666":1.000039887,"181.96969696969697":1.0000255607,"183.27272727272725":1.000012346,"184.57575757575756":1.0000001211,"185.87878787878788":0.9999887643,"187.1818181818182":0.9999781537,"188.4848484848485":0.9999681707,"189.78787878787878":0.9999587186,"191.0909090909091":0.9999497098,"192.39393939393938":0.9999410568,"193.6969696969697":0.999932672,"195.0":0.9999244681},"beatport_key\/1.0_lowerci":{"66.0":0.8853770157,"67.3030303030303":0.8982777515,"68.60606060606061":0.9105625131,"69.9090909090909":0.9220619218,"71.21212121212122":0.9326282508,"72.51515151515152":0.9421441712,"73.81818181818181":0.9505305367,"75.12121212121212":0.9577090356,"76.42424242424242":0.9635384657,"77.72727272727272":0.9678969266,"79.03030303030303":0.9707023025,"80.33333333333333":0.9719093913,"81.63636363636364":0.9714921985,"82.93939393939394":0.9693902382,"84.24242424242425":0.9654749669,"85.54545454545455":0.9596000461,"86.84848484848484":0.9516375435,"88.15151515151516":0.9414992336,"89.45454545454545":0.929141614,"90.75757575757575":0.91469963,"92.06060606060606":0.8984818902,"93.36363636363636":0.880868271,"94.66666666666666":0.862325454,"95.96969696969697":0.8433877521,"97.27272727272728":0.8246141216,"98.57575757575758":0.806579254,"99.87878787878788":0.7898684216,"101.18181818181819":0.7750924171,"102.48484848484848":0.7629040543,"103.78787878787878":0.7539925215,"105.0909090909091":0.7489540168,"106.39393939393939":0.7477751569,"107.69696969696969":0.7502408797,"109.0":0.7561806125,"110.30303030303031":0.7654854632,"111.6060606060606":0.7781029029,"112.9090909090909":0.7938618399,"114.21212121212122":0.812097339,"115.51515151515152":0.8320549998,"116.81818181818181":0.8530399432,"118.12121212121212":0.8744442183,"119.42424242424242":0.8957364158,"120.72727272727272":0.9163747535,"122.03030303030303":0.9356934042,"123.33333333333333":0.952966715,"124.63636363636363":0.9675343553,"125.93939393939394":0.97893011,"127.24242424242425":0.9869027142,"128.54545454545456":0.9915682739,"129.84848484848484":0.9934166453,"131.15151515151516":0.9930578295,"132.45454545454544":0.9912566448,"133.75757575757575":0.988866954,"135.06060606060606":0.9866864595,"136.36363636363637":0.9849206932,"137.66666666666666":0.9833390833,"138.96969696969697":0.9817610425,"140.27272727272725":0.980130801,"141.57575757575756":0.9785021514,"142.87878787878788":0.9769280864,"144.1818181818182":0.9752548451,"145.4848484848485":0.9733068737,"146.78787878787878":0.9710514848,"148.0909090909091":0.9685865099,"149.39393939393938":0.9660729673,"150.6969696969697":0.9636396848,"152.0":0.9612773953,"153.3030303030303":0.9589528304,"154.60606060606062":0.9566684917,"155.9090909090909":0.9544655967,"157.2121212121212":0.952410289,"158.5151515151515":0.9505403544,"159.8181818181818":0.9488026604,"161.12121212121212":0.9471415645,"162.42424242424244":0.9455241202,"163.72727272727272":0.9439393131,"165.03030303030303":0.9423879789,"166.33333333333331":0.9408366473,"167.63636363636363":0.9392009431,"168.93939393939394":0.9374157209,"170.24242424242425":0.9354474107,"171.54545454545456":0.9332900888,"172.84848484848484":0.9309512902,"174.15151515151513":0.9283977854,"175.45454545454544":0.9255417869,"176.75757575757575":0.9222854263,"178.06060606060606":0.9185312614,"179.36363636363637":0.9141879864,"180.66666666666666":0.9091717131,"181.96969696969697":0.9033923164,"183.27272727272725":0.8967760757,"184.57575757575756":0.8892872244,"185.87878787878788":0.8809266515,"187.1818181818182":0.8717257158,"188.4848484848485":0.8617360663,"189.78787878787878":0.8510109984,"191.0909090909091":0.8396101452,"192.39393939393938":0.8276032892,"193.6969696969697":0.8150682813,"195.0":0.8020889534},"beatport_key\/1.0_upperci":{"66.0":1.1380101039,"67.3030303030303":1.1297361322,"68.60606060606061":1.1218964771,"69.9090909090909":1.1145425419,"71.21212121212122":1.1077040779,"72.51515151515152":1.1013804386,"73.81818181818181":1.0955325988,"75.12121212121212":1.0900634282,"76.42424242424242":1.0848021512,"77.72727272727272":1.0795387773,"79.03030303030303":1.0740235317,"80.33333333333333":1.0679697261,"81.63636363636364":1.0610725429,"82.93939393939394":1.0531181104,"84.24242424242425":1.0440436646,"85.54545454545455":1.0338108843,"86.84848484848484":1.0223630422,"88.15151515151516":1.0096037043,"89.45454545454545":0.9954140116,"90.75757575757575":0.9799450727,"92.06060606060606":0.9635896215,"93.36363636363636":0.946684785,"94.66666666666666":0.9294808848,"95.96969696969697":0.9121606117,"97.27272727272728":0.8949102413,"98.57575757575758":0.8781858186,"99.87878787878788":0.862598586,"101.18181818181819":0.8487363072,"102.48484848484848":0.8371447248,"103.78787878787878":0.828333207,"105.0909090909091":0.8227384335,"106.39393939393939":0.8204607967,"107.69696969696969":0.8214672302,"109.0":0.8256797854,"110.30303030303031":0.832958833,"111.6060606060606":0.8431083457,"112.9090909090909":0.8558471521,"114.21212121212122":0.8707044862,"115.51515151515152":0.8871558793,"116.81818181818181":0.9046173412,"118.12121212121212":0.9224179537,