{"beatport_key\/1.0":{"66.0":-0.00065719,"67.3030303030303":-0.0018313778,"68.60606060606061":-0.002962946,"69.9090909090909":-0.0040235685,"71.21212121212122":-0.004984919,"72.51515151515152":-0.0058186713,"73.81818181818181":-0.006496465,"75.12121212121212":-0.0069799347,"76.42424242424242":-0.0072068629,"77.72727272727272":-0.0071115536,"79.03030303030303":-0.0066283104,"80.33333333333333":-0.0056914373,"81.63636363636364":-0.0042354628,"82.93939393939394":-0.0022066791,"84.24242424242425":0.0004313166,"85.54545454545455":0.0037135418,"86.84848484848484":0.007675014,"88.15151515151516":0.0123507506,"89.45454545454545":0.0177711544,"90.75757575757575":0.0238738256,"92.06060606060606":0.030510418,"93.36363636363636":0.0375293439,"94.66666666666666":0.0447790159,"95.96969696969697":0.0521078465,"97.27272727272728":0.059359145,"98.57575757575758":0.0663246076,"99.87878787878788":0.0727659611,"101.18181818181819":0.0784445632,"102.48484848484848":0.0831217717,"103.78787878787878":0.0865589442,"105.0909090909091":0.0885514974,"106.39393939393939":0.0890892921,"107.69696969696969":0.088231084,"109.0":0.0860357094,"110.30303030303031":0.0825620049,"111.6060606060606":0.0778688133,"112.9090909090909":0.0720518951,"114.21212121212122":0.0653308707,"115.51515151515152":0.0579513069,"116.81818181818181":0.0501587704,"118.12121212121212":0.0421988279,"119.42424242424242":0.0343169164,"120.72727272727272":0.0267402138,"122.03030303030303":0.01965897,"123.33333333333333":0.0132589802,"124.63636363636363":0.0077260395,"125.93939393939394":0.0032459432,"127.24242424242425":-0.0000004698,"128.54545454545456":-0.0020122915,"129.84848484848484":-0.0030152322,"131.15151515151516":-0.0032494522,"132.45454545454544":-0.0029551117,"133.75757575757575":-0.0023723711,"135.06060606060606":-0.0017333928,"136.36363636363637":-0.0011449101,"137.66666666666666":-0.0006140675,"138.96969696969697":-0.0001452666,"140.27272727272725":0.0002570913,"141.57575757575756":0.0005886046,"142.87878787878788":0.0008462634,"144.1818181818182":0.0010385913,"145.4848484848485":0.0011798151,"146.78787878787878":0.0012842021,"148.0909090909091":0.0013660195,"149.39393939393938":0.0014395345,"150.6969696969697":0.0015170783,"152.0":0.0016017394,"153.3030303030303":0.0016938514,"154.60606060606062":0.0017937474,"155.9090909090909":0.0019017607,"157.2121212121212":0.002018223,"158.5151515151515":0.0021423408,"159.8181818181818":0.0022701437,"161.12121212121212":0.0023971051,"162.42424242424244":0.0025186982,"163.72727272727272":0.0026303963,"165.03030303030303":0.0027277034,"166.33333333333331":0.0028086031,"167.63636363636363":0.00287535,"168.93939393939394":0.0029306209,"170.24242424242425":0.0029770927,"171.54545454545456":0.0030174423,"172.84848484848484":0.0030543337,"174.15151515151513":0.0030900977,"175.45454545454544":0.0031267043,"176.75757575757575":0.0031661058,"178.06060606060606":0.0032102545,"179.36363636363637":0.0032611027,"180.66666666666666":0.0033205509,"181.96969696969697":0.0033898545,"183.27272727272725":0.0034698303,"184.57575757575756":0.0035612866,"185.87878787878788":0.0036650318,"187.1818181818182":0.0037818744,"188.4848484848485":0.0039123761,"189.78787878787878":0.0040554083,"191.0909090909091":0.0042091334,"192.39393939393938":0.0043717112,"193.6969696969697":0.0045413018,"195.0":0.0047160651},"beatport_key\/1.0_lowerci":{"66.0":-0.0530093024,"67.3030303030303":-0.049795543,"68.60606060606061":-0.0467568113,"69.9090909090909":-0.0439105332,"71.21212121212122":-0.0412651602,"72.51515151515152":-0.0388165459,"73.81818181818181":-0.036544644,"75.12121212121212":-0.0344071893,"76.42424242424242":-0.0323358361,"77.72727272727272":-0.0302466336,"79.03030303030303":-0.0280391424,"80.33333333333333":-0.0255976241,"81.63636363636364":-0.022798828,"82.93939393939394":-0.0195572606,"84.24242424242425":-0.0158501504,"85.54545454545455":-0.011664864,"86.84848484848484":-0.0069811393,"88.15151515151516":-0.0017622578,"89.45454545454545":0.0040377989,"90.75757575757575":0.0103532818,"92.06060606060606":0.0170184115,"93.36363636363636":0.0238904593,"94.66666666666666":0.030862673,"95.96969696969697":0.0378563306,"97.27272727272728":0.0447919702,"98.57575757575758":0.0514858747,"99.87878787878788":0.0576943893,"101.18181818181819":0.0631836438,"102.48484848484848":0.0677371839,"103.78787878787878":0.0711536307,"105.0909090909091":0.0732614572,"106.39393939393939":0.0740269469,"107.69696969696969":0.0734711413,"109.0":0.0716336826,"110.30303030303031":0.0685797769,"111.6060606060606":0.0643980036,"112.9090909090909":0.0592069346,"114.21212121212122":0.0531859534,"115.51515151515152":0.046532979,"116.81818181818181":0.039470599,"118.12121212121212":0.0322574287,"119.42424242424242":0.0251834888,"120.72727272727272":0.0184898719,"122.03030303030303":0.0122760001,"123.33333333333333":0.0066056124,"124.63636363636363":0.0015695205,"125.93939393939394":-0.0026610122,"127.24242424242425":-0.0058354744,"128.54545454545456":-0.0079082643,"129.84848484848484":-0.009128722,"131.15151515151516":-0.009725077,"132.45454545454544":-0.0098613947,"133.75757575757575":-0.0096648353,"135.06060606060606":-0.0092699687,"136.36363636363637":-0.0088079523,"137.66666666666666":-0.0083931145,"138.96969696969697":-0.0081136256,"140.27272727272725":-0.0080059249,"141.57575757575756":-0.0080610433,"142.87878787878788":-0.0082669287,"144.1818181818182":-0.0086689126,"145.4848484848485":-0.0093073628,"146.78787878787878":-0.0101633361,"148.0909090909091":-0.0111637959,"149.39393939393938":-0.0122095175,"150.6969696969697":-0.0132189043,"152.0":-0.0141880569,"153.3030303030303":-0.0151291224,"154.60606060606062":-0.0160394242,"155.9090909090909":-0.0169002397,"157.2121212121212":-0.0176825176,"158.5151515151515":-0.0183706409,"159.8181818181818":-0.0189914186,"161.12121212121212":-0.0195735311,"162.42424242424244":-0.0201362524,"163.72727272727272":-0.0206897667,"165.03030303030303":-0.0212393145,"166.33333333333331":-0.0218017139,"167.63636363636363":-0.0224103334,"168.93939393939394":-0.0230901223,"170.24242424242425":-0.023852943,"171.54545454545456":-0.0246992003,"172.84848484848484":-0.0256237242,"174.15151515151513":-0.026638333,"175.45454545454544":-0.0277775576,"176.75757575757575":-0.0290801119,"178.06060606060606":-0.0305845331,"179.36363636363637":-0.0323268152,"180.66666666666666":-0.0343399226,"181.96969696969697":-0.0366599624,"183.27272727272725":-0.0393166223,"184.57575757575756":-0.0423238669,"185.87878787878788":-0.0456804689,"187.1818181818182":-0.0493725726,"188.4848484848485":-0.0533781611,"189.78787878787878":-0.0576762346,"191.0909090909091":-0.0622438793,"192.39393939393938":-0.0670539776,"193.6969696969697":-0.0720760679,"195.0":-0.0772772096},"beatport_key\/1.0_upperci":{"66.0":0.0516949224,"67.3030303030303":0.0461327874,"68.60606060606061":0.0408309193,"69.9090909090909":0.0358633962,"71.21212121212122":0.0312953222,"72.51515151515152":0.0271792033,"73.81818181818181":0.023551714,"75.12121212121212":0.02044732,"76.42424242424242":0.0179221102,"77.72727272727272":0.0160235265,"79.03030303030303":0.0147825216,"80.33333333333333":0.0142147495,"81.63636363636364":0.0143279023,"82.93939393939394":0.0151439023,"84.24242424242425":0.0167127836,"85.54545454545455":0.0190919476,"86.84848484848484":0.0223311672,"88.15151515151516":0.026463759,"89.45454545454545":0.0315045099,"90.75757575757575":0.0373943695,"92.06060606060606":0.0440024245,"93.36363636363636":0.0511682285,"94.66666666666666":0.0586953587,"95.96969696969697":0.0663593624,"97.27272727272728":0.0739263199,"98.57575757575758":0.0811633406,"99.87878787878788":0.087837533,"101.18181818181819":0.0937054827,"102.48484848484848":0.0985063595,"103.78787878787878":0.1019642577,"105.0909090909091":0.1038415376,"106.39393939393939":0.1041516373,"107.69696969696969":0.1029910267,"109.0":0.1004377362,"110.30303030303031":0.0965442329,"111.6060606060606":0.091339623,"112.9090909090909":0.0848968556,"114.21212121212122":0.077475788,