{"beatport_key\/1.0":{"0.0":0.0,"1.0":0.0,"2.0":0.0,"3.0":0.0,"4.0":0.0,"5.0":0.0,"6.0":0.0,"7.0":0.0,"8.0":0.0,"9.0":0.0,"10.0":0.0,"11.0":0.0,"12.0":0.0,"13.0":0.0,"14.0":0.0,"15.0":0.0,"16.0":0.0,"17.0":0.0,"18.0":0.0,"19.0":0.0,"20.0":0.0,"21.0":0.0,"22.0":0.0,"23.0":0.0,"24.0":0.0,"25.0":0.0,"26.0":0.0,"27.0":0.0,"28.0":0.0,"29.0":0.0,"30.0":0.0,"31.0":0.0,"32.0":0.0,"33.0":0.0,"34.0":0.0,"35.0":0.0,"36.0":0.0,"37.0":0.0,"38.0":0.0,"39.0":0.0,"40.0":0.0,"41.0":0.0,"42.0":0.0,"43.0":0.0,"44.0":0.0,"45.0":0.0,"46.0":0.0,"47.0":0.0,"48.0":0.0,"49.0":0.0,"50.0":0.0,"51.0":0.0,"52.0":0.0,"53.0":0.0,"54.0":0.0,"55.0":0.0,"56.0":0.0,"57.0":0.0,"58.0":0.0071245503,"59.0":0.0071245503,"60.0":0.0053434127,"61.0":0.0053434127,"62.0":0.0053434127,"63.0":0.0053434127,"64.0":0.0035622751,"65.0":0.0035622751,"66.0":0.0035622751,"67.0":0.0030533787,"68.0":0.0030533787,"69.0":0.0026717063,"70.0":0.0021373651,"71.0":0.0021373651,"72.0":0.0019430592,"73.0":0.0019430592,"74.0":0.0027608316,"75.0":0.003095842,"76.0":0.0026703595,"77.0":0.0023340724,"78.0":0.0026962465,"79.0":0.0027697722,"80.0":0.0024828156,"81.0":0.0025334853,"82.0":0.0022167997,"83.0":0.0159981758,"84.0":0.0154736454,"85.0":0.0145214211,"86.0":0.0143013995,"87.0":0.0143013995,"88.0":0.0140983731,"89.0":0.0138940489,"90.0":0.0192345627,"91.0":0.0194285531,"92.0":0.028833212,"93.0":0.0292076693,"94.0":0.0333003504,"95.0":0.037449875,"96.0":0.0391514902,"97.0":0.0461998887,"98.0":0.0500974498,"99.0":0.0577122142,"100.0":0.0609666235,"101.0":0.0723196632,"102.0":0.0710727724,"103.0":0.078019714,"104.0":0.0637556395,"105.0":0.0581630395,"106.0":0.0843295466,"107.0":0.0856285216,"108.0":0.0819207814,"109.0":0.094642409,"110.0":0.0630949394,"111.0":0.0646743841,"112.0":0.0584375998,"113.0":0.0441238359,"114.0":0.0371248826,"115.0":0.0270633611,"116.0":0.0205310276,"117.0":0.0175612587,"118.0":0.0114547103,"119.0":0.0110634474,"120.0":0.0093508875,"121.0":0.0092188749,"122.0":0.008193549,"123.0":0.0081049704,"124.0":0.0078752886,"125.0":0.0076512651,"126.0":0.0075330249,"127.0":0.0040264332,"128.0":0.003057197,"129.0":0.003031512,"130.0":0.0011011574,"131.0":0.0011720568,"132.0":0.0003007778,"133.0":0.0003239839,"134.0":0.0003317751,"135.0":0.0003566489,"136.0":0.0003633775,"137.0":0.0003447014,"138.0":0.0003424262,"139.0":0.0003958786,"140.0":0.0003103336,"141.0":0.0004013777,"142.0":0.0004122258,"143.0":0.0004718432,"144.0":0.0004334986,"145.0":0.0004623985,"146.0":0.0004981641,"147.0":0.0004199586,"148.0":0.0003581646,"149.0":0.0003944651,"150.0":0.0003998687,"151.0":0.0006634186,"152.0":0.0006788469,"153.0":0.0009266799,"154.0":0.0009686614,"155.0":0.0014102846,"156.0":0.0017521517,"157.0":0.0018008226,"158.0":0.0019067533,"159.0":0.0017778858,"160.0":0.0019280593,"161.0":0.0029986549,"162.0":0.0026111611,"163.0":0.0027743587,"164.0":0.0020546712,"165.0":0.0025732321,"166.0":0.0025732321,"167.0":0.0027086654,"168.0":0.0027086654,"169.0":0.0034309761,"170.0":0.0034309761,"171.0":0.0036760459,"172.0":0.0036760459,"173.0":0.0036760459,"174.0":0.0036760459,"175.0":0.0035533993,"176.0":0.0025046732,"177.0":0.0025046732,"178.0":0.0022769756,"179.0":0.0022769756,"180.0":0.0025046732,"181.0":0.002362176,"182.0":0.002362176,"183.0":0.002362176,"184.0":0.002362176,"185.0":0.0039921173,"186.0":0.0037087358,"187.0":0.0037087358,"188.0":0.0037087358,"189.0":0.0037087358,"190.0":0.0037087358,"191.0":0.0037087358,"192.0":0.0037087358,"193.0":0.0037087358,"194.0":0.0037087358,"195.0":0.0037087358,"196.0":0.0037087358,"197.0":0.0037087358,"198.0":0.0037087358,"199.0":0.0074174716,"200.0":0.0074174716,"201.0":0.0074174716,"202.0":0.0074174716,"203.0":0.0074174716,"204.0":0.0074174716,"205.0":0.0074174716,"206.0":0.0,"207.0":0.0,"208.0":0.0,"209.0":0.0,"210.0":0.0,"211.0":0.0,"212.0":0.0,"213.0":0.0,"214.0":0.0,"215.0":0.0,"216.0":0.0,"217.0":0.0,"218.0":0.0,"219.0":0.0,"220.0":0.0,"221.0":0.0,"222.0":0.0,"223.0":0.0,"224.0":0.0,"225.0":0.0,"226.0":0.0,"227.0":0.0,"228.0":0.0,"229.0":0.0,"230.0":0.0,"231.0":0.0,"232.0":0.0,"233.0":0.0,"234.0":0.0,"235.0":0.0,"236.0":0.0,"237.0":0.0,"238.0":0.0,"239.0":0.0,"240.0":0.0,"241.0":0.0,"242.0":0.0,"243.0":0.0,"244.0":0.0,"245.0":0.0,"246.0":0.0,"247.0":0.0,"248.0":0.0,"249.0":0.0,"250.0":0.0,"251.0":0.0,"252.0":0.0,"253.0":0.0,"254.0":0.0,"255.0":0.0,"256.0":0.0,"257.0":0.0,"258.0":0.0,"259.0":0.0,"260.0":0.0,"261.0":0.0,"262.0":0.0,"263.0":0.0,"264.0":0.0,"265.0":0.0,"266.0":0.0,"267.0":0.0,"268.0":0.0,"269.0":0.0,"270.0":0.0,"271.0":0.0,"272.0":0.0,"273.0":0.0,"274.0":0.0,"275.0":0.0,"276.0":0.0,"277.0":0.0,"278.0":0.0,"279.0":0.0,"280.0":0.0,"281.0":0.0,"282.0":0.0,"283.0":0.0,"284.0":0.0,"285.0":0.0,"286.0":0.0,"287.0":0.0,"288.0":0.0,"289.0":0.0,"290.0":0.0,"291.0":0.0,"292.0":0.0,"293.0":0.0,"294.0":0.0,"295.0":0.0,"296.0":0.0,"297.0":0.0,"298.0":0.0,"299.0":0.0,"300.0":0.0}}