{"AOE1_MEAN":{"beatport_key\/1.0":0.090742908},"AOE1_STDEV":{"beatport_key\/1.0":0.2765151108},"AOE2_MEAN":{"beatport_key\/1.0":0.0102406166},"AOE2_STDEV":{"beatport_key\/1.0":0.0623896059}}